cluster_id,center_lat,center_lon,total_violations,primary_violation,mean_cis,mean_oi,police_station,junction_name,CIS_Tier,fine_recovery
0,12.93458874,77.69021717,17769,NO PARKING,85.7523102,168.0978671,Bellandur,No Junction,CRITICAL,17769000
1,12.97526286,77.57991707,83406,WRONG PARKING,85.15152631,106.1079445,City Market,BTP082 - KR Market Junction,CRITICAL,83406000
2,12.9913284,77.54934135,44177,WRONG PARKING,82.27792919,83.34428196,Sheshadripuram,BTP027 - Modi Bridge Junction,HIGH,22088500
3,12.99836107,77.67284279,4126,PARKING IN A MAIN ROAD,62.89970916,36.06640814,K.R. Pura,No Junction,MEDIUM,825200
4,13.0078474,77.69311596,5588,WRONG PARKING,67.63097709,37.84520401,K.R. Pura,No Junction,MEDIUM,1117600
5,12.95778452,77.70150238,1873,NO PARKING,89.00592632,103.8553123,HAL Old Airport,No Junction,CRITICAL,1873000
6,12.98369953,77.60753924,32211,WRONG PARKING,90.02730603,170.3869105,Shivajinagar,BTP051 - Safina Plaza Junction,CRITICAL,32211000
7,13.01970762,77.53835778,124,WRONG PARKING,66.46774194,39.13709677,Rajajinagar,No Junction,MEDIUM,24800
8,12.94352597,77.57069763,2948,WRONG PARKING,62.59477612,25.02985075,Basavanagudi,BTP108 - Tagore Park Junction,MEDIUM,589600
9,13.05147574,77.49353064,8,WRONG PARKING,54.4,5.75,Chikkabanavara,No Junction,LOW,1600
10,12.95818978,77.56748311,141,PARKING IN A MAIN ROAD,63.34255319,27.46808511,Chamarajpet,BTP214 - 5th Main Chamrajpet  Junction,MEDIUM,28200
11,12.91464383,77.57429722,946,NO PARKING,62.54577167,26.24947146,Jayanagara,"BTP115 - Sahasra Hospital, Jayanagar",MEDIUM,189200
12,12.91683957,77.62308139,49,NO PARKING,58.01836735,14.44897959,Madiwala,BTP137 - Madiwala Traffic PS Junction,MEDIUM,9800
13,12.92333017,77.6511119,133,NO PARKING,60.87218045,36.45864662,HAL Old Airport,No Junction,MEDIUM,26600
14,13.19124158,77.64621977,949,NO PARKING,64.8658588,49.00316122,Chikkajala,No Junction,MEDIUM,189800
15,12.95290882,77.54182866,1999,WRONG PARKING,68.33161581,30.14157079,Byatarayanapura,BTP096 - Gali Anjaneya Temple,MEDIUM,399800
16,12.93811328,77.55620865,56,WRONG PARKING,57.03928571,27.73214286,Basavanagudi,No Junction,MEDIUM,11200
17,13.026376,77.72058756,52,NO PARKING,64.03846154,28.03846154,K.R. Pura,No Junction,MEDIUM,10400
18,13.0709915,77.58844753,6208,WRONG PARKING,70.2630799,65.21166237,Kodigehalli,No Junction,HIGH,3104000
19,12.92605544,77.5158938,8,NO PARKING,50.9,6.125,Kengeri,No Junction,LOW,1600
20,12.9247547,77.51789526,5,NO PARKING,50.86,4.8,Kengeri,No Junction,LOW,1000
21,12.89039923,77.63888177,1735,WRONG PARKING,59.91590778,22.15907781,Hulimavu,No Junction,MEDIUM,347000
22,12.95125406,77.60714416,154,NO PARKING,63.53051948,16.77272727,Adugodi,BTP132 - Anepalya Junction,MEDIUM,30800
23,12.91243546,77.68091343,479,NO PARKING,59.95782881,33.84759916,Bellandur,No Junction,MEDIUM,95800
24,12.95935215,77.65581395,123,NO PARKING,63.34146341,33.3495935,Jeevanbheemanagar,No Junction,MEDIUM,24600
25,12.97912905,77.64030446,745,NO PARKING,63.21221477,48.74899329,Jeevanbheemanagar,No Junction,MEDIUM,149000
26,12.95441303,77.64093602,78,NO PARKING,60.53461538,32.92307692,Halasur,BTP146 - Domlur Water Tank,MEDIUM,15600
27,12.97572541,77.56030602,2069,WRONG PARKING,69.24881585,38.55775737,Magadi Road,BTP074 - Leprosy Hospital Junction,MEDIUM,413800
28,12.9691359,77.6434747,2589,NO PARKING,66.08937814,68.26496717,Jeevanbheemanagar,"BTP148 - 17th Main, Doopanahalli Bus Stop",MEDIUM,517800
29,12.95412822,77.59167449,407,NO PARKING,62.3019656,18.5036855,Wilson Garden,"BTP102 - BMTC Junction, KH Road",MEDIUM,81400
30,12.996934,77.58419565,406,NO PARKING,61.46945813,24.28817734,Sheshadripuram,BTP032 - Windsor Circle,MEDIUM,81200
31,13.00466738,77.75710849,168,NO PARKING,61.83392857,51.19047619,Mahadevapura,No Junction,MEDIUM,33600
32,13.03556529,77.58906199,3484,NO PARKING,60.07677956,25.84557979,Kodigehalli,No Junction,MEDIUM,696800
33,12.92820703,77.58336916,2657,NO PARKING,63.73424915,34.46443357,Jayanagara,"BTP189 - New Diagonal Road, Jayanagar",MEDIUM,531400
34,12.95636025,77.73165599,99,NO PARKING,57.65757576,24.51515152,Whitefield,No Junction,MEDIUM,19800
35,13.02110256,77.52846221,32,WRONG PARKING,57.171875,14.40625,Yeshwanthpura,No Junction,MEDIUM,6400
36,12.99260544,77.58895322,3022,WRONG PARKING,65.85393779,44.47418928,High ground,BTP032 - Windsor Circle,MEDIUM,604400
37,13.05095445,77.55268025,196,NO PARKING,52.36479592,9.632653061,Jalahalli,No Junction,LOW,39200
38,13.04935591,77.49629582,217,WRONG PARKING,54.02258065,7.050691244,Chikkabanavara,No Junction,LOW,43400
39,12.91033332,77.55084736,156,PARKING IN A MAIN ROAD,54.24807692,13.21153846,K.S. Layout,No Junction,LOW,31200
40,12.99591322,77.69509219,1719,NO PARKING,64.39808028,94.13728912,Mahadevapura,No Junction,MEDIUM,343800
41,12.9529254,77.595533,22,WRONG PARKING,61.1,18.36363636,Wilson Garden,BTP103 - Shanti Nagar TTMC,MEDIUM,4400
42,12.95998374,77.64523251,1814,NO PARKING,63.79310915,42.34454245,Jeevanbheemanagar,"BTP148 - 17th Main, Doopanahalli Bus Stop",MEDIUM,362800
43,12.81895605,77.68876697,241,PARKING IN A MAIN ROAD,60.04771784,22.92116183,Electronic City,No Junction,MEDIUM,48200
44,13.0398888,77.51860136,373,NO PARKING,53.25656836,15.50938338,Chikkabanavara,No Junction,LOW,74600
45,13.02232224,77.63873375,275,WRONG PARKING,59.36763636,19.80727273,Banaswadi,No Junction,MEDIUM,55000
46,12.96097666,77.51158752,491,NO PARKING,53.12708758,12.83095723,Jnanabharathi,No Junction,LOW,98200
47,13.04595764,77.52229061,59,NO PARKING,57.05423729,4.966101695,Jalahalli,No Junction,MEDIUM,11800
48,12.93872033,77.58454415,979,WRONG PARKING,62.23789581,24.74361593,Wilson Garden,"BTP186 - 9th Cross, 4th Main, Jayanagar",MEDIUM,195800
49,13.06377745,77.65069499,46,WRONG PARKING,52.02608696,24.54347826,Hennuru,No Junction,LOW,9200
50,13.01032581,77.59107147,7,WRONG PARKING,52.94285714,3.428571429,R.T. Nagar,No Junction,LOW,1400
51,12.97157223,77.62999675,38,PARKING IN A MAIN ROAD,58.55789474,78.55263158,Halasur,No Junction,MEDIUM,7600
52,12.92483116,77.48527818,8,NO PARKING,55.4375,6,Kengeri,No Junction,MEDIUM,1600
53,13.05275718,77.64608293,12,NO PARKING,55.61666667,6.25,Hennuru,No Junction,MEDIUM,2400
54,12.9389014,77.52168322,767,WRONG PARKING,61.86597132,24.15384615,Byatarayanapura,BTP098 - Nayandahalli Junction,MEDIUM,153400
55,12.93603939,77.61634141,1860,NO PARKING,62.91763441,27.26182796,Adugodi,BTP135 - UCO Bank Junction,MEDIUM,372000
56,12.93367776,77.61976697,27,NO PARKING,60.44074074,14.92592593,Adugodi,No Junction,MEDIUM,5400
57,12.93204748,77.63126,1133,NO PARKING,58.53248014,40.9152692,Adugodi,No Junction,MEDIUM,226600
58,13.07201347,77.63372522,113,NO PARKING,53.34247788,10.69911504,Hennuru,No Junction,LOW,22600
59,12.93840405,77.57993123,99,NO PARKING,62.99191919,32.21212121,Wilson Garden,"BTP186 - 9th Cross, 4th Main, Jayanagar",MEDIUM,19800
60,13.0183957,77.53163768,869,WRONG PARKING,69.8287687,59.59493671,Yeshwanthpura,No Junction,MEDIUM,173800
61,12.92840584,77.60954487,462,PARKING IN A MAIN ROAD,59.35151515,13.47835498,Mico Layout,BTP140 - Madiwala Check Post,MEDIUM,92400
62,13.09725462,77.59933733,842,WRONG PARKING,61.10415677,24.04275534,Yelahanka,No Junction,MEDIUM,168400
63,12.9521339,77.49955143,6,NO PARKING,51.83333333,3.166666667,Jnanabharathi,No Junction,LOW,1200
64,13.04772854,77.57561638,1145,WRONG PARKING,72.01781659,42.80174672,Kodigehalli,No Junction,HIGH,572500
65,13.00589627,77.52651673,625,NO PARKING,69.58384,50.5472,Rajajinagar,No Junction,MEDIUM,125000
66,12.91308123,77.48087877,100,NO PARKING,51.336,8.54,Kengeri,No Junction,LOW,20000
67,12.96762565,77.56465159,6,NO PARKING,56.75,16.66666667,Chamarajpet,No Junction,MEDIUM,1200
68,13.05048889,77.52553472,249,NO PARKING,52.40763052,12.69477912,Jalahalli,No Junction,LOW,49800
69,13.09936002,77.58780907,228,NO PARKING,54.55482456,15.94736842,Yelahanka,No Junction,LOW,45600
70,13.00026008,77.53341428,7,WRONG PARKING,74.57142857,29,Vijayanagara,No Junction,HIGH,3500
71,13.02920342,77.5392798,1364,NO PARKING,57.24230205,21.35117302,Yeshwanthpura,No Junction,MEDIUM,272800
72,13.12138265,77.61541967,267,WRONG PARKING,56.13782772,43.23595506,Yelahanka,No Junction,MEDIUM,53400
73,13.01082728,77.65879868,20,NO PARKING,58.625,35.7,K.R. Pura,No Junction,MEDIUM,4000
74,12.93829624,77.74679974,62,PARKING IN A MAIN ROAD,54.9,11.32258065,Whitefield,No Junction,LOW,12400
75,13.00259922,77.6612137,6,NO PARKING,59.56666667,15.16666667,K.R. Pura,No Junction,MEDIUM,1200
76,13.00351522,77.66278176,71,NO PARKING,58.20422535,26.97183099,K.R. Pura,No Junction,MEDIUM,14200
77,13.00764454,77.65884111,10,NO PARKING,58.83,25.3,K.R. Pura,No Junction,MEDIUM,2000
78,12.93090149,77.60663395,413,NO PARKING,57.76077482,12.41646489,Mico Layout,BTP136 - Hosur-Tavarkere Road Junction,MEDIUM,82600
79,12.90435934,77.58780623,245,NO PARKING,59.39918367,15.69387755,J.P. Nagar,"BTP221 - 15th Cross, 24th Main, JP Nagar",MEDIUM,49000
80,13.11540969,77.60703893,12,WRONG PARKING,54.96666667,41.66666667,Yelahanka,No Junction,LOW,2400
81,13.0681218,77.62942264,31,NO PARKING,53.67741935,10.58064516,Hennuru,No Junction,LOW,6200
82,12.91287061,77.58603878,398,WRONG PARKING,60.32286432,15.99497487,J.P. Nagar,"BTP197 - 9th Cross, 24th Main, JP Nagar",MEDIUM,79600
83,13.03027202,77.56288927,87,WRONG PARKING,55.25287356,18.97701149,Yeshwanthpura,No Junction,MEDIUM,17400
84,12.95577647,77.69268132,34,NO PARKING,88.88823529,107.2058824,HAL Old Airport,No Junction,CRITICAL,34000
85,13.04583422,77.75027977,228,NO PARKING,62.73421053,29.98245614,K.R. Pura,No Junction,MEDIUM,45600
86,13.10000222,77.57959024,12,NO PARKING,55.21666667,56.25,Yelahanka,No Junction,MEDIUM,2400
87,12.90781253,77.62948346,1814,WRONG PARKING,60.09751929,34.99944873,HSR Layout,No Junction,MEDIUM,362800
88,12.98335439,77.75186993,80,NO PARKING,57.195,27.2,Mahadevapura,No Junction,MEDIUM,16000
89,13.0936355,77.59421965,403,WRONG PARKING,55.68883375,26.23325062,Yelahanka,No Junction,MEDIUM,80600
90,13.0454299,77.50701488,265,WRONG PARKING,53.34377358,7.547169811,Peenya,No Junction,LOW,53000
91,12.93680678,77.60173062,213,PARKING IN A MAIN ROAD,61.46760563,15.90610329,Mico Layout,BTP126 - Dairy Circle,MEDIUM,42600
92,12.98994827,77.59311576,414,NO PARKING,62.1647343,31.31642512,Cubbon Park,BTP034 - LRDE Junction,MEDIUM,82800
93,13.01885371,77.63946076,12,NO PARKING,57.4,44.66666667,Banaswadi,No Junction,MEDIUM,2400
94,12.95892533,77.66060645,47,PARKING IN A MAIN ROAD,64.85319149,41.19148936,Jeevanbheemanagar,No Junction,MEDIUM,9400
95,13.04192034,77.5144456,105,NO PARKING,52.77809524,9.742857143,Chikkabanavara,No Junction,LOW,21000
96,12.91744197,77.67216859,306,WRONG PARKING,59.93464052,32.8496732,Bellandur,No Junction,MEDIUM,61200
97,12.93821474,77.57688587,191,WRONG PARKING,63.32722513,42.28272251,Basavanagudi,BTP216 - Yediyur Junction,MEDIUM,38200
98,12.97476922,77.71128272,1083,WRONG PARKING,77.76038781,71.24838412,HAL Old Airport,No Junction,HIGH,541500
99,12.92458257,77.61918275,802,NO PARKING,60.69027431,26.15586035,Madiwala,BTP137 - Madiwala Traffic PS Junction,MEDIUM,160400
100,13.00535214,77.59388432,227,NO PARKING,56.31806167,31.56387665,R.T. Nagar,No Junction,MEDIUM,45400
101,13.08169641,77.54826111,53,NO PARKING,55.59433962,14.69811321,Yelahanka,No Junction,MEDIUM,10600
102,13.06072106,77.57669801,125,WRONG PARKING,70.2376,41.184,Kodigehalli,No Junction,HIGH,62500
103,12.99350947,77.66239214,926,NO PARKING,61.38779698,24.09719222,Banaswadi,No Junction,MEDIUM,185200
104,12.96475446,77.50483723,8,NO PARKING,51.975,8.75,Jnanabharathi,No Junction,LOW,1600
105,12.89664891,77.72005069,174,WRONG PARKING,55.28275862,13.63793103,Whitefield,No Junction,MEDIUM,34800
106,13.05728752,77.5469449,217,NO PARKING,52.76036866,10.99078341,Jalahalli,No Junction,LOW,43400
107,12.91705012,77.50018558,51,NO PARKING,51.05882353,9.431372549,Kengeri,No Junction,LOW,10200
108,12.94754904,77.57992689,227,NO PARKING,64.6814978,26.58590308,Basavanagudi,BTP184 - Lalbagh West Gate,MEDIUM,45400
109,12.91248806,77.6360877,2152,NO PARKING,62.4510223,35.61710037,HSR Layout,No Junction,MEDIUM,430400
110,12.90643709,77.57282758,101,NO PARKING,59.22772277,9.118811881,J.P. Nagar,"BTP159 - JP Nagar Metro, ORR",MEDIUM,20200
111,13.0989991,77.57710748,102,NO PARKING,55.41960784,36.92156863,Yelahanka,No Junction,MEDIUM,20400
112,13.09852456,77.57362168,28,NO PARKING,54.44285714,12.60714286,Yelahanka,No Junction,LOW,5600
113,12.94515088,77.59541052,413,NO PARKING,62.79297821,18.59564165,Wilson Garden,"BTP123 - 10th Cross, Wilson Garden",MEDIUM,82600
114,12.87056106,77.65487131,575,WRONG PARKING,59.63043478,41.55652174,Electronic City,No Junction,MEDIUM,115000
115,13.02167289,77.59259789,628,WRONG PARKING,55.23121019,56.14171975,R.T. Nagar,No Junction,MEDIUM,125600
116,12.98956121,77.50312721,479,NO PARKING,53.38830898,12.7473904,Kamakshipalya,No Junction,LOW,95800
117,13.0535284,77.50763032,181,NO PARKING,53.19723757,8.331491713,Chikkabanavara,No Junction,LOW,36200
118,13.03360552,77.55793675,328,NO PARKING,55.99786585,27.4054878,Yeshwanthpura,No Junction,MEDIUM,65600
119,13.09771549,77.56373506,7,NO PARKING,55.5,20.42857143,Yelahanka,No Junction,MEDIUM,1400
120,13.18539478,77.68049686,5069,NO PARKING,62.88484908,50.99940817,Chikkajala,No Junction,MEDIUM,1013800
121,12.87596986,77.59582803,574,NO PARKING,57.09634146,39.52439024,Hulimavu,No Junction,MEDIUM,114800
122,12.84183017,77.64608045,2125,WRONG PARKING,60.92644706,38.28235294,Electronic City,No Junction,MEDIUM,425000
123,12.90686751,77.54605048,127,PARKING IN A MAIN ROAD,52.10629921,10.96062992,K.S. Layout,No Junction,LOW,25400
124,12.88853213,77.56263689,367,NO PARKING,52.52016349,8.272479564,Thalagattapura,No Junction,LOW,73400
125,12.9063283,77.58138778,28,NO PARKING,61.45714286,8.75,J.P. Nagar,"BTP200 - 15th Cross, 33rd Main, JP Nagar",MEDIUM,5600
126,12.86962611,77.53719937,109,WRONG PARKING,52.17889908,12.30275229,Thalagattapura,No Junction,LOW,21800
127,12.98598609,77.48764548,28,NO PARKING,52.75357143,12.14285714,Kamakshipalya,No Junction,LOW,5600
128,13.06277186,77.58908703,937,WRONG PARKING,73.7488794,72.58804696,Kodigehalli,No Junction,HIGH,468500
129,12.91924985,77.54212893,27,WRONG PARKING,55.73703704,7.740740741,Banashankari,No Junction,MEDIUM,5400
130,12.97413983,77.50914354,68,NO PARKING,53.36617647,8.485294118,Jnanabharathi,No Junction,LOW,13600
131,12.90053102,77.67552814,691,NO PARKING,61.67829233,30.17510854,Bellandur,No Junction,MEDIUM,138200
132,13.02782561,77.57481782,1254,WRONG PARKING,58.84784689,33.32695375,Kodigehalli,No Junction,MEDIUM,250800
133,12.9837813,77.5292696,118,WRONG PARKING,53.41440678,8.457627119,Kamakshipalya,No Junction,LOW,23600
134,12.96043086,77.50503992,19,NO PARKING,52.65263158,10.26315789,Jnanabharathi,No Junction,LOW,3800
135,12.93611926,77.60693821,259,NO PARKING,62.43783784,19.51737452,Mico Layout,BTP136 - Hosur-Tavarkere Road Junction,MEDIUM,51800
136,13.12157806,77.63105448,306,NO PARKING,63.01339869,31.88562092,Yelahanka,No Junction,MEDIUM,61200
137,13.0358537,77.56736419,96,NO PARKING,60.79375,26.5,Kodigehalli,No Junction,MEDIUM,19200
138,13.0725425,77.50330128,12,NO PARKING,51.43333333,6.333333333,Chikkabanavara,No Junction,LOW,2400
139,12.89222819,77.57208905,32,WRONG PARKING,53.575,9.28125,Thalagattapura,No Junction,LOW,6400
140,12.98545284,77.47982648,56,WRONG PARKING,53.13928571,23.44642857,Kamakshipalya,No Junction,LOW,11200
141,12.89616439,77.5860019,11,NO PARKING,54.14545455,15,J.P. Nagar,No Junction,LOW,2200
142,12.90320332,77.62609603,63,NO PARKING,53.48412698,10.49206349,Madiwala,No Junction,LOW,12600
143,12.90596564,77.54239151,74,WRONG PARKING,52.57567568,9.378378378,K.S. Layout,No Junction,LOW,14800
144,13.04092403,77.61742901,17,NO PARKING,51.59411765,5.117647059,Hennuru,No Junction,LOW,3400
145,13.01960198,77.61887032,18,WRONG PARKING,51.72222222,8.944444444,K.G. Halli,No Junction,LOW,3600
146,12.94470406,77.60274101,36,WRONG PARKING,64.19722222,10.52777778,Adugodi,BTP134 - Mico Bande,MEDIUM,7200
147,12.9065195,77.57600837,6,WRONG PARKING,59.11666667,19.16666667,J.P. Nagar,"BTP161 - 15th Cross, 35th Main, JP Nagar",MEDIUM,1200
148,12.93183957,77.51563338,111,NO PARKING,51.60900901,8.675675676,Kengeri,No Junction,LOW,22200
149,13.03515446,77.62437359,566,NO PARKING,52.30530035,30.76678445,Hennuru,No Junction,LOW,113200
150,12.97802414,77.75126136,57,NO PARKING,56.12807018,16.96491228,Whitefield,No Junction,MEDIUM,11400
151,12.97240128,77.75045453,6,PARKING IN A MAIN ROAD,54.36666667,23.83333333,Whitefield,No Junction,LOW,1200
152,12.96791238,77.74959885,119,PARKING IN A MAIN ROAD,54.7210084,21.47058824,Whitefield,No Junction,LOW,23800
153,12.98567744,77.5886194,63,WRONG PARKING,68.19047619,37.11111111,High ground,BTP035 - Basaweshwara Circle (LH) Junction,MEDIUM,12600
154,13.03739952,77.53538949,29,NO PARKING,52.17241379,12.20689655,Jalahalli,No Junction,LOW,5800
155,13.0586345,77.58313521,13,WRONG PARKING,68.72307692,17.38461538,Kodigehalli,No Junction,MEDIUM,2600
156,13.0567246,77.59263582,533,WRONG PARKING,70.22645403,57.00750469,Kodigehalli,No Junction,HIGH,266500
157,12.98542574,77.59411277,105,NO PARKING,62.45904762,30.87619048,Cubbon Park,BTP166 - Coffee Board Junction,MEDIUM,21000
158,12.9108207,77.64464253,221,NO PARKING,60.65158371,64.75113122,HSR Layout,No Junction,MEDIUM,44200
159,13.00068802,77.53583509,11,WRONG PARKING,79.70909091,65.09090909,Vijayanagara,No Junction,HIGH,5500
160,12.92029441,77.64509275,93,NO PARKING,59.49032258,22.04301075,HSR Layout,No Junction,MEDIUM,18600
161,12.987322,77.56789349,27,NO PARKING,55.71111111,19.2962963,Sheshadripuram,No Junction,MEDIUM,5400
162,12.8619675,77.53001931,73,WRONG PARKING,51.81643836,15.38356164,Thalagattapura,No Junction,LOW,14600
163,12.83565633,77.67918781,52,PARKING ON FOOTPATH,59.55961538,24.86538462,Electronic City,No Junction,MEDIUM,10400
164,12.91715174,77.59606378,240,NO PARKING,64.88666667,36.94166667,Jayanagara,"BTP202 - East End Main Road, Jayanagar",MEDIUM,48000
165,13.10755928,77.60235947,44,WRONG PARKING,55.01590909,34.86363636,Yelahanka,No Junction,MEDIUM,8800
166,13.02472179,77.58526715,720,WRONG PARKING,57.70819444,18.73611111,Kodigehalli,BTP030 - Mekhri Circle,MEDIUM,144000
167,12.92670067,77.5507574,337,NO PARKING,59.08011869,25.27002967,Banashankari,BTP155 - Katriguppe Junction,MEDIUM,67400
168,12.91732263,77.57830293,195,NO PARKING,63.22153846,22.16410256,Jayanagara,"BTP176 - Rajalakshmi Kalyana Mantapa, JP Nagar",MEDIUM,39000
169,12.9871226,77.51954725,241,NO PARKING,55.28547718,17.87136929,Kamakshipalya,No Junction,MEDIUM,48200
170,12.84048367,77.67688055,416,NO PARKING,60.925,37.12019231,Electronic City,No Junction,MEDIUM,83200
171,12.95978755,77.55845347,285,NO PARKING,67.12526316,22.90877193,Chamarajpet,BTP091 - Sirsi Circle,MEDIUM,57000
172,12.96438408,77.55400489,833,NO PARKING,66.93781513,28.46218487,Magadi Road,BTP091 - Sirsi Circle,MEDIUM,166600
173,13.03544064,77.7353616,104,PARKING ON FOOTPATH,63.30865385,30.76923077,K.R. Pura,No Junction,MEDIUM,20800
174,12.92433185,77.62878229,10,WRONG PARKING,60.4,15.4,Madiwala,No Junction,MEDIUM,2000
175,12.87601398,77.61664993,55,NO PARKING,56.04,20.78181818,Hulimavu,No Junction,MEDIUM,11000
176,13.01302227,77.6264171,82,NO PARKING,57.04756098,14.68292683,Banaswadi,No Junction,MEDIUM,16400
177,12.96827752,77.70122343,162,NO PARKING,89.39320988,142.2407407,HAL Old Airport,No Junction,CRITICAL,162000
178,12.95086745,77.59820754,51,WRONG PARKING,56.1745098,24.64705882,Wilson Garden,BTP122 - Siddapura Junction,MEDIUM,10200
179,12.87691072,77.54386402,181,WRONG PARKING,52.26243094,10.98342541,Thalagattapura,No Junction,LOW,36200
180,12.91573592,77.65170411,253,NO PARKING,59.2972332,19.72332016,HSR Layout,No Junction,MEDIUM,50600
181,12.90935905,77.65192097,11,WRONG PARKING,59.50909091,48.18181818,HSR Layout,No Junction,MEDIUM,2200
182,12.97458851,77.5966762,34,WRONG PARKING,61.95,20.29411765,Cubbon Park,BTP063 - Siddalingaiah Circle,MEDIUM,6800
183,12.89437859,77.657225,74,NO PARKING,60.14594595,18.5,Electronic City,No Junction,MEDIUM,14800
184,12.88397191,77.55072977,8,NO PARKING,51.625,7.375,Thalagattapura,No Junction,LOW,1600
185,13.04564109,77.54857412,48,WRONG PARKING,56.82916667,20.8125,Jalahalli,No Junction,MEDIUM,9600
186,13.04857099,77.54989919,12,NO PARKING,54.38333333,19.75,Jalahalli,No Junction,LOW,2400
187,12.94926601,77.597266,186,WRONG PARKING,62.87258065,24.11290323,Wilson Garden,"BTP123 - 10th Cross, Wilson Garden",MEDIUM,37200
188,12.9130724,77.48593869,28,PARKING IN A MAIN ROAD,50.91428571,6.535714286,Kengeri,No Junction,LOW,5600
189,12.98352598,77.67985002,32,PARKING OPPOSITE TO ANOTHER PARKED VEHICLE,58.49375,24.125,Banaswadi,No Junction,MEDIUM,6400
190,13.01075142,77.50628653,70,WRONG PARKING,53.96142857,6.385714286,Peenya,No Junction,LOW,14000
191,12.94225879,77.7472666,101,WRONG PARKING,55.76039604,20.2970297,Whitefield,No Junction,MEDIUM,20200
192,12.88063942,77.64510809,160,WRONG PARKING,57.025,24.05625,Hulimavu,No Junction,MEDIUM,32000
193,13.02112397,77.65696132,80,WRONG PARKING,54.92125,9.5875,Hennuru,No Junction,LOW,16000
194,12.97891468,77.6953038,566,NO PARKING,62.26855124,45.37809187,Mahadevapura,No Junction,MEDIUM,113200
195,12.87561975,77.67084455,71,WRONG PARKING,58.10422535,23.12676056,Electronic City,No Junction,MEDIUM,14200
196,12.92401628,77.63938613,9,NO PARKING,56.94444444,11.22222222,Adugodi,No Junction,MEDIUM,1800
197,12.92213054,77.5806458,111,NO PARKING,63.42972973,32.74774775,Jayanagara,"BTP190 - 36th Cross, 4th Main, Jayanagar",MEDIUM,22200
198,12.96193849,77.5984183,1401,NO PARKING,62.88636688,27.90792291,Ashok Nagar,BTP172 - Nanjappa Circle,MEDIUM,280200
199,13.00346334,77.72349642,148,PARKING IN A MAIN ROAD,61.60472973,25.93918919,K.R. Pura,No Junction,MEDIUM,29600
200,13.01997838,77.55264009,99,WRONG PARKING,62.31111111,10.8989899,Yeshwanthpura,No Junction,MEDIUM,19800
201,12.96303793,77.55959308,43,NO PARKING,72.76046512,62.86046512,Magadi Road,BTP091 - Sirsi Circle,HIGH,21500
202,13.03421296,77.5302549,18,WRONG PARKING,57.16666667,22.83333333,Yeshwanthpura,No Junction,MEDIUM,3600
203,12.9626588,77.7169301,3044,WRONG PARKING,86.36379763,167.2431012,Whitefield,No Junction,CRITICAL,3044000
204,12.99311926,77.71663812,112,WRONG PARKING,63.42678571,47.14285714,Mahadevapura,No Junction,MEDIUM,22400
205,13.0200428,77.67455024,10,WRONG PARKING,58.33,14.8,K.R. Pura,No Junction,MEDIUM,2000
206,12.96200811,77.59394314,28,WRONG PARKING,67.21785714,33.21428571,Ashok Nagar,"BTP101 - Blood Bank Circle, KH Road",MEDIUM,5600
207,12.91152875,77.55846246,6,NO PARKING,53.55,7.833333333,K.S. Layout,No Junction,LOW,1200
208,12.98743203,77.61869301,220,NO PARKING,58.13454545,18.38181818,Pulikeshinagar(F.Town),No Junction,MEDIUM,44000
209,12.98025394,77.7244304,9,WRONG PARKING,61.16666667,33.22222222,Mahadevapura,No Junction,MEDIUM,1800
210,12.98378609,77.56807417,31,NO PARKING,56.42903226,18.19354839,Sheshadripuram,No Junction,MEDIUM,6200
211,12.91190585,77.64908748,13,WRONG PARKING,58.74615385,17.23076923,HSR Layout,No Junction,MEDIUM,2600
212,13.04134341,77.62175839,12,NO PARKING,51.6,5.916666667,Hennuru,No Junction,LOW,2400
213,12.96041357,77.74730794,47,WRONG PARKING,55.99574468,15.44680851,Whitefield,No Junction,MEDIUM,9400
214,12.92231292,77.56076108,14,WRONG PARKING,59,7.071428571,Banashankari,BTP158 - Devegowda Petrol Bunk,MEDIUM,2800
215,12.96876109,77.55929864,19,WRONG PARKING,66.85789474,25.10526316,Magadi Road,No Junction,MEDIUM,3800
216,12.94011847,77.56439591,13,NO PARKING,56.49230769,21.23076923,Basavanagudi,No Junction,MEDIUM,2600
217,12.95143957,77.71746167,399,PARKING IN A MAIN ROAD,57.17042607,31.32080201,Whitefield,No Junction,MEDIUM,79800
218,13.03658003,77.57479938,142,WRONG PARKING,69.55774648,46.09859155,Kodigehalli,No Junction,MEDIUM,28400
219,12.9315211,77.5925501,46,WRONG PARKING,57.99130435,13.82608696,Jayanagara,No Junction,MEDIUM,9200
220,12.9716278,77.50760308,121,NO PARKING,52.7214876,10.83471074,Jnanabharathi,No Junction,LOW,24200
221,13.05427461,77.76291462,105,WRONG PARKING,63.03238095,41.14285714,K.R. Pura,No Junction,MEDIUM,21000
222,12.89056087,77.59800998,9,NO PARKING,56.13333333,7.777777778,J.P. Nagar,No Junction,MEDIUM,1800
223,12.89735776,77.57126189,41,NO PARKING,53.28536585,5.414634146,K.S. Layout,No Junction,LOW,8200
224,13.02516394,77.51112591,12,WRONG PARKING,52.86666667,11.25,Peenya,No Junction,LOW,2400
225,12.92984832,77.56711793,12,NO PARKING,52.21666667,8.333333333,Banashankari,No Junction,LOW,2400
226,13.11146814,77.60486751,12,WRONG PARKING,55.5,11.08333333,Yelahanka,No Junction,MEDIUM,2400
227,13.01413771,77.49215506,61,WRONG PARKING,52.96885246,16.96721311,Kamakshipalya,No Junction,LOW,12200
228,12.99736736,77.48973478,5,WRONG PARKING,52.6,8.8,Kamakshipalya,No Junction,LOW,1000
229,12.91377393,77.60664839,631,NO PARKING,58.28256735,29.7274168,Mico Layout,"BTP163 - 16th Main Road, BTM Layout",MEDIUM,126200
230,13.09797241,77.56755237,36,NO PARKING,54.85833333,19.66666667,Yelahanka,No Junction,LOW,7200
231,12.94145423,77.60868334,77,NO PARKING,62.57012987,15.25974026,Adugodi,BTP133 - Adugodi Junction,MEDIUM,15400
232,12.87593591,77.64791313,334,WRONG PARKING,57.38293413,36.34131737,Hulimavu,No Junction,MEDIUM,66800
233,12.95262819,77.65252816,15,WRONG PARKING,61.75333333,21.13333333,Jeevanbheemanagar,No Junction,MEDIUM,3000
234,12.95666886,77.65363914,30,NO PARKING,62.35333333,26.03333333,Jeevanbheemanagar,No Junction,MEDIUM,6000
235,12.9076927,77.53291327,64,PARKING IN A MAIN ROAD,51.5328125,6.234375,K.S. Layout,No Junction,LOW,12800
236,13.08520348,77.48646902,19,WRONG PARKING,51.9,25.73684211,Chikkabanavara,No Junction,LOW,3800
237,13.01483015,77.76139586,44,WRONG PARKING,61.66818182,42.52272727,Mahadevapura,No Junction,MEDIUM,8800
238,13.00903981,77.75885259,41,NO PARKING,61.94878049,35.90243902,Mahadevapura,No Junction,MEDIUM,8200
239,12.97175141,77.6580902,1235,NO PARKING,63.73206478,45.89635628,Jeevanbheemanagar,No Junction,MEDIUM,247000
240,12.97352667,77.64126451,7,WRONG PARKING,62.2,36.28571429,Jeevanbheemanagar,No Junction,MEDIUM,1400
241,12.99496809,77.65406931,33,NO PARKING,56.84848485,23.90909091,Banaswadi,No Junction,MEDIUM,6600
242,13.1979562,77.70467385,63,NO PARKING,53.15079365,26.03174603,Devanahalli Airport,No Junction,LOW,12600
243,13.19947328,77.70032203,6,NO PARKING,52.11666667,25.66666667,Devanahalli Airport,No Junction,LOW,1200
244,12.90685049,77.69654913,220,WRONG PARKING,60.06181818,34.17727273,Bellandur,No Junction,MEDIUM,44000
245,13.01166544,77.56900065,41,WRONG PARKING,75.30243902,33.97560976,Sadashivanagar,No Junction,HIGH,20500
246,13.02395007,77.64345183,23,WRONG PARKING,58.72173913,9.434782609,Banaswadi,No Junction,MEDIUM,4600
247,13.19981084,77.67933686,47,NO PARKING,52.94468085,22.61702128,Devanahalli Airport,No Junction,LOW,9400
248,13.0599085,77.50678628,21,NO PARKING,53.09047619,5,Chikkabanavara,No Junction,LOW,4200
249,13.16127983,77.62652933,29,WRONG PARKING,66.86896552,18.55172414,Chikkajala,No Junction,MEDIUM,5800
250,12.98659026,77.64806567,21,PARKING IN A MAIN ROAD,62.76190476,29.28571429,Jeevanbheemanagar,No Junction,MEDIUM,4200
251,12.92007194,77.6103995,61,WRONG PARKING,64.55409836,19.1147541,Mico Layout,"BTP163 - 16th Main Road, BTM Layout",MEDIUM,12200
252,12.96098161,77.55092597,29,NO PARKING,73.94137931,45.51724138,Magadi Road,"BTP093 - Toll Gate, Mysore Road",HIGH,14500
253,13.14338311,77.61783318,139,NO PARKING,65.85971223,30.71942446,Chikkajala,No Junction,MEDIUM,27800
254,12.93351562,77.601328,11,NO PARKING,60.64545455,14,Mico Layout,BTP126 - Dairy Circle,MEDIUM,2200
255,12.9700294,77.73186528,5,PARKING IN A MAIN ROAD,58.72,3.2,Whitefield,No Junction,MEDIUM,1000
256,12.90377178,77.70394105,162,WRONG PARKING,61.04567901,26.20987654,Bellandur,No Junction,MEDIUM,32400
257,12.95877434,77.55884311,29,PARKING IN A MAIN ROAD,67.9,21.17241379,Chamarajpet,BTP091 - Sirsi Circle,MEDIUM,5800
258,13.01944245,77.70866767,47,WRONG PARKING,63.90851064,23.14893617,K.R. Pura,No Junction,MEDIUM,9400
259,12.92714002,77.57802629,15,NO PARKING,64.34,13.53333333,Jayanagara,"BTP189 - New Diagonal Road, Jayanagar",MEDIUM,3000
260,13.04710337,77.50099397,163,WRONG PARKING,55.38957055,28.7607362,Peenya,No Junction,MEDIUM,32600
261,12.99448503,77.75764797,18,NO PARKING,62.16111111,17.5,Mahadevapura,No Junction,MEDIUM,3600
262,12.89181757,77.58155148,18,WRONG PARKING,53.93333333,32.11111111,J.P. Nagar,No Junction,LOW,3600
263,13.04998824,77.59311202,488,NO PARKING,66.08053279,25.91803279,Kodigehalli,No Junction,MEDIUM,97600
264,12.90620097,77.59508839,17,NO PARKING,58.95294118,9.941176471,J.P. Nagar,BTP222 - Delmia Circle,MEDIUM,3400
265,12.93501461,77.60505817,7,NO PARKING,61.02857143,34.57142857,Mico Layout,BTP126 - Dairy Circle,MEDIUM,1400
266,12.96932496,77.73605062,9,PARKING IN A MAIN ROAD,55.48888889,13.44444444,Whitefield,No Junction,MEDIUM,1800
267,12.91045659,77.48218379,7,NO PARKING,51,10.57142857,Kengeri,No Junction,LOW,1400
268,13.00351691,77.61933032,8,WRONG PARKING,57.725,34.375,Pulikeshinagar(F.Town),No Junction,MEDIUM,1600
269,13.24486486,77.7131608,81,NO PARKING,52.01234568,19.08641975,Devanahalli Airport,No Junction,LOW,16200
270,13.0793094,77.55909916,35,WRONG PARKING,55.76571429,41.62857143,Yelahanka,No Junction,MEDIUM,7000
271,12.92951499,77.57289109,8,NO PARKING,58.175,8.125,Banashankari,"BTP112 - 14th Cross, KR Road",MEDIUM,1600
272,12.94381948,77.57658428,7,WRONG PARKING,63.11428571,40.85714286,Basavanagudi,BTP108 - Tagore Park Junction,MEDIUM,1400
273,12.92358832,77.57508374,29,NO PARKING,62.28965517,17.89655172,Banashankari,"BTP114 - KR Road Junction, Near JSS",MEDIUM,5800
274,13.04373765,77.51135917,6,WRONG PARKING,51.41666667,5.5,Chikkabanavara,No Junction,LOW,1200
275,12.93041006,77.67867446,10,NO PARKING,59.07,34.8,Bellandur,No Junction,MEDIUM,2000
276,12.91033802,77.59496362,6,WRONG PARKING,58.9,7.833333333,J.P. Nagar,"BTP198 - 9th Cross, 8th Main, JP Nagar",MEDIUM,1200
277,13.02069537,77.61357114,31,WRONG PARKING,52.96129032,13.4516129,K.G. Halli,No Junction,LOW,6200
278,12.93826888,77.59262559,106,NO PARKING,55.63584906,16.9245283,Wilson Garden,No Junction,MEDIUM,21200
279,12.9719521,77.52740035,6,NO PARKING,78.73333333,27.66666667,Byatarayanapura,No Junction,HIGH,3000
280,12.99530754,77.60242233,22,NO PARKING,55.48636364,10.36363636,R.T. Nagar,No Junction,MEDIUM,4400
281,12.89393856,77.56792829,54,NO PARKING,51.52037037,6.240740741,K.S. Layout,No Junction,LOW,10800
282,12.95729173,77.51881232,531,NO PARKING,61.19943503,31.15819209,Byatarayanapura,No Junction,MEDIUM,106200
283,12.93773148,77.54962497,10,WRONG PARKING,54.77,11.4,Banashankari,No Junction,LOW,2000
284,12.94844613,77.60201328,13,WRONG PARKING,61.78461538,16.07692308,Adugodi,BTP134 - Mico Bande,MEDIUM,2600
285,13.01550072,77.54408123,46,WRONG PARKING,71.8,47.56521739,Rajajinagar,No Junction,HIGH,23000
286,12.87878327,77.67202659,9,WRONG PARKING,57.6,12.11111111,Electronic City,No Junction,MEDIUM,1800
287,12.89484171,77.59913146,190,NO PARKING,53.28631579,13.92105263,J.P. Nagar,No Junction,LOW,38000
288,12.90149951,77.66045475,64,WRONG PARKING,60.7203125,22.265625,HSR Layout,No Junction,MEDIUM,12800
289,12.9835254,77.58563024,8,NO PARKING,65.2375,32.125,High ground,BTP052 - CID Carlton House Junction,MEDIUM,1600
290,13.00475798,77.56238755,21,WRONG PARKING,87.90952381,120.6190476,Malleshwaram,No Junction,CRITICAL,21000
291,12.976003,77.5314314,87,WRONG PARKING,82.34597701,54.48275862,Vijayanagara,BTP214 - 5th Main Chamrajpet  Junction,HIGH,43500
292,13.04787401,77.54282238,100,WRONG PARKING,52.625,12.09,Jalahalli,No Junction,LOW,20000
293,12.99235889,77.59211757,10,WRONG PARKING,59.21,33.9,High ground,No Junction,MEDIUM,2000
294,12.93497576,77.53651791,244,NO PARKING,52.27213115,7.635245902,Banashankari,No Junction,LOW,48800
295,13.00212566,77.63302435,72,NO PARKING,57.60277778,37.47222222,Banaswadi,No Junction,MEDIUM,14400
296,12.99946659,77.48873818,54,WRONG PARKING,52.74814815,14.37037037,Kamakshipalya,No Junction,LOW,10800
297,13.00295308,77.55974474,5,WRONG PARKING,88.3,104.8,Malleshwaram,No Junction,CRITICAL,5000
298,13.04893883,77.54766406,35,WRONG PARKING,52.89714286,14,Jalahalli,No Junction,LOW,7000
299,13.03572433,77.51417265,45,NO PARKING,52.39777778,34.24444444,Peenya,No Junction,LOW,9000
300,13.00445698,77.71113614,49,WRONG PARKING,62.53673469,18.67346939,K.R. Pura,No Junction,MEDIUM,9800
301,13.00102256,77.62752057,7,NO PARKING,59.15714286,22,Pulikeshinagar(F.Town),No Junction,MEDIUM,1400
302,12.95010815,77.6897337,31,NO PARKING,91.30322581,209.2903226,HAL Old Airport,No Junction,CRITICAL,31000
303,13.0314557,77.57716097,15,WRONG PARKING,68.82,21.33333333,Kodigehalli,No Junction,MEDIUM,3000
304,13.10075253,77.582284,6,NO PARKING,54.63333333,21.66666667,Yelahanka,No Junction,LOW,1200
305,12.88692133,77.56538958,12,WRONG PARKING,51.70833333,9.083333333,Thalagattapura,No Junction,LOW,2400
306,13.02126918,77.70137299,12,NO PARKING,61.44166667,13.5,K.R. Pura,No Junction,MEDIUM,2400
307,12.90277471,77.65051081,7,NO PARKING,60.62857143,24.57142857,HSR Layout,No Junction,MEDIUM,1400
308,12.88330338,77.54888608,32,NO PARKING,51.753125,11.9375,Thalagattapura,No Junction,LOW,6400
309,13.09492274,77.59735667,19,WRONG PARKING,55.57368421,7.263157895,Yelahanka,No Junction,MEDIUM,3800
310,12.90012934,77.64707126,17,WRONG PARKING,58.75882353,18.41176471,HSR Layout,No Junction,MEDIUM,3400
311,12.9978985,77.58139897,181,NO PARKING,55.56187845,29.21546961,Sheshadripuram,No Junction,MEDIUM,36200
312,12.99383612,77.57733779,16,NO PARKING,54.60625,26.125,Sheshadripuram,No Junction,LOW,3200
313,13.02676787,77.66107184,7,NO PARKING,54,5,Hennuru,No Junction,LOW,1400
314,12.91048719,77.61003477,19,NO PARKING,54.73684211,16.94736842,Mico Layout,No Junction,LOW,3800
315,12.97441773,77.51321745,26,WRONG PARKING,52.97307692,11.92307692,Jnanabharathi,No Junction,LOW,5200
316,12.96669906,77.50517864,5,WRONG PARKING,59.46,20,Jnanabharathi,No Junction,MEDIUM,1000
317,12.92733861,77.59710772,61,NO PARKING,64.57540984,26.90163934,Jayanagara,"BTP127 - Sagar Hospital, Jayanagar",MEDIUM,12200
318,12.94605126,77.58761021,138,NO PARKING,61.19710145,21.13768116,Wilson Garden,No Junction,MEDIUM,27600
319,13.05868892,77.46640605,50,WRONG PARKING,52.816,9.4,No Police Station,No Junction,LOW,10000
320,12.97255277,77.51190828,20,WRONG PARKING,53.785,10.25,Jnanabharathi,No Junction,LOW,4000
321,12.91664128,77.66862176,5,NO PARKING,59.04,32.6,Bellandur,No Junction,MEDIUM,1000
322,12.9474098,77.56444826,5,WRONG PARKING,56.2,9.6,Basavanagudi,No Junction,MEDIUM,1000
323,13.06078696,77.46124334,39,WRONG PARKING,50.9025641,10.97435897,No Police Station,No Junction,LOW,7800
324,13.00353388,77.58382285,12,NO PARKING,52.65,9.916666667,Sadashivanagar,No Junction,LOW,2400
325,13.08354781,77.6376312,71,WRONG PARKING,55.24084507,9,Hennuru,No Junction,MEDIUM,14200
326,12.98194224,77.62411185,23,NO PARKING,57.67391304,14.73913043,Halasur,No Junction,MEDIUM,4600
327,13.01075315,77.58359199,61,WRONG PARKING,60.78360656,17.39344262,Sadashivanagar,BTP030 - Mekhri Circle,MEDIUM,12200
328,13.02277402,77.60082327,18,WRONG PARKING,53.78333333,28.22222222,R.T. Nagar,No Junction,LOW,3600
329,12.84270912,77.67441456,5,NO PARKING,59.84,7.2,Electronic City,No Junction,MEDIUM,1000
330,12.91185424,77.64132269,9,WRONG PARKING,60.26666667,26.11111111,HSR Layout,No Junction,MEDIUM,1800
331,13.00068174,77.75752024,5,NO PARKING,61.26,31,Mahadevapura,No Junction,MEDIUM,1000
332,13.03328693,77.63783695,8,NO PARKING,56.1125,5,Hennuru,No Junction,MEDIUM,1600
333,12.90801301,77.60082311,618,NO PARKING,60.48300971,16.56796117,Mico Layout,BTP130 - GD Mara Junction,MEDIUM,123600
334,12.90909519,77.63808729,7,NO PARKING,59.22857143,40.14285714,HSR Layout,No Junction,MEDIUM,1400
335,13.0607919,77.64879389,10,NO PARKING,51.61,6.1,Hennuru,No Junction,LOW,2000
336,13.05502661,77.53480345,72,WRONG PARKING,53.52361111,6.333333333,Jalahalli,No Junction,LOW,14400
337,12.88124898,77.60992092,5,NO PARKING,54.22,7.8,Hulimavu,No Junction,LOW,1000
338,13.00693823,77.57960287,248,NO PARKING,53.67822581,17.65322581,Sadashivanagar,No Junction,LOW,49600
339,12.94718081,77.59077119,79,NO PARKING,63.01518987,18.15189873,Wilson Garden,BTP122 - Siddapura Junction,MEDIUM,15800
340,13.12227361,77.63282029,7,NO PARKING,64.01428571,35.71428571,Chikkajala,No Junction,MEDIUM,1400
341,12.85540121,77.66453003,90,PARKING IN A MAIN ROAD,61.08444444,17.32222222,Electronic City,No Junction,MEDIUM,18000
342,12.98859979,77.47274829,20,NO PARKING,55.47,4.25,Kamakshipalya,No Junction,MEDIUM,4000
343,12.94843935,77.62764461,35,WRONG PARKING,56.92571429,46.2,Ashok Nagar,No Junction,MEDIUM,7000
344,12.96163567,77.61526803,46,WRONG PARKING,64.13478261,24.86956522,Ashok Nagar,BTP142 - Lower Agram Road Junction,MEDIUM,9200
345,13.10354155,77.58434247,6,NO PARKING,54.35,11.66666667,Yelahanka,No Junction,LOW,1200
346,12.93901409,77.63231343,21,WRONG PARKING,56.22857143,14.19047619,Ashok Nagar,No Junction,MEDIUM,4200
347,12.9523343,77.5797231,10,WRONG PARKING,61.64,11.5,V.V.Puram (C.Pet),BTP119 - Minerva Circle,MEDIUM,2000
348,13.0045448,77.71710988,11,NO PARKING,61.93636364,35.45454545,K.R. Pura,No Junction,MEDIUM,2200
349,12.88294354,77.59658134,166,WRONG PARKING,54.95,31.28915663,J.P. Nagar,No Junction,LOW,33200
350,12.92110341,77.73637176,19,NO PARKING,55.37894737,10.73684211,Whitefield,No Junction,MEDIUM,3800
351,12.93876853,77.57837833,28,NO PARKING,62.48571429,21.21428571,Basavanagudi,"BTP186 - 9th Cross, 4th Main, Jayanagar",MEDIUM,5600
352,12.84030459,77.66327309,14,NO PARKING,57.67142857,15.71428571,Electronic City,No Junction,MEDIUM,2800
353,13.01453431,77.57427112,13,NO PARKING,52.9,22.23076923,Sadashivanagar,No Junction,LOW,2600
354,12.92318484,77.57841613,9,NO PARKING,62.71111111,12.66666667,Jayanagara,"BTP190 - 36th Cross, 4th Main, Jayanagar",MEDIUM,1800
355,12.90975774,77.51337038,31,NO PARKING,51.10645161,11.83870968,Kengeri,No Junction,LOW,6200
356,12.8988311,77.65118197,16,NO PARKING,60.38125,22.3125,HSR Layout,No Junction,MEDIUM,3200
357,13.03153557,77.62152774,17,NO PARKING,53.84705882,11.52941176,K.G. Halli,No Junction,LOW,3400
358,13.0573661,77.47242951,42,WRONG PARKING,51.49761905,7.976190476,No Police Station,No Junction,LOW,8400
359,12.96903527,77.59477899,7,WRONG PARKING,61.6,4.142857143,Cubbon Park,BTP203 - RRMR Junction,MEDIUM,1400
360,12.90147428,77.59380957,56,NO PARKING,54.16785714,39.07142857,J.P. Nagar,BTP222 - Delmia Circle,LOW,11200
361,12.92254369,77.62261416,82,NO PARKING,69.93658537,9.085365854,Madiwala,BTP137 - Madiwala Traffic PS Junction,MEDIUM,16400
362,12.91649399,77.52058698,13,WRONG PARKING,54.73846154,12.30769231,Kengeri,No Junction,LOW,2600
363,12.99184081,77.65227047,164,NO PARKING,58.0945122,70.88414634,Banaswadi,No Junction,MEDIUM,32800
364,13.04162508,77.54715332,6,WRONG PARKING,53.96666667,3.666666667,Jalahalli,No Junction,LOW,1200
365,12.98347827,77.76814476,17,NO PARKING,63.95294118,54.41176471,Mahadevapura,No Junction,MEDIUM,3400
366,13.0431938,77.59054369,66,WRONG PARKING,65.77575758,25.28787879,Hebbala,No Junction,MEDIUM,13200
367,12.98096509,77.53589508,28,WRONG PARKING,71.85714286,60.57142857,Vijayanagara,No Junction,HIGH,14000
368,13.00043214,77.56407601,14,WRONG PARKING,87.38571429,94.5,Malleshwaram,No Junction,CRITICAL,14000
369,13.08461777,77.63479874,18,NO PARKING,52.40555556,10.61111111,Hennuru,No Junction,LOW,3600
370,12.85657417,77.5888931,79,NO PARKING,55.33417722,9.367088608,Thalagattapura,No Junction,MEDIUM,15800
371,13.06878479,77.62605123,47,NO PARKING,56.47021277,16.40425532,Hennuru,No Junction,MEDIUM,9400
372,13.0572038,77.64833924,15,WRONG PARKING,51.91333333,17.8,Hennuru,No Junction,LOW,3000
373,12.95262604,77.61969437,27,NO PARKING,56.58888889,21.37037037,Ashok Nagar,No Junction,MEDIUM,5400
374,12.84669497,77.67214099,6,NO PARKING,61.33333333,3.333333333,Electronic City,No Junction,MEDIUM,1200
375,13.24840839,77.71558661,22,WRONG PARKING,53.34090909,6.409090909,Devanahalli Airport,No Junction,LOW,4400
376,12.8507527,77.58812748,12,NO PARKING,52.04166667,6.583333333,Thalagattapura,No Junction,LOW,2400
377,12.89941445,77.64525959,7,PARKING IN A MAIN ROAD,58.58571429,9.142857143,HSR Layout,No Junction,MEDIUM,1400
378,13.01330867,77.66204758,8,NO PARKING,58.25,18.125,Banaswadi,No Junction,MEDIUM,1600
379,12.95976064,77.5158867,14,WRONG PARKING,59.53571429,17.64285714,Byatarayanapura,No Junction,MEDIUM,2800
380,13.05425728,77.58990576,11,WRONG PARKING,74.33636364,25.18181818,Kodigehalli,No Junction,HIGH,5500
381,12.89173138,77.66701931,9,NO PARKING,62.73333333,6.111111111,Electronic City,No Junction,MEDIUM,1800
382,13.02583797,77.62896699,36,WRONG PARKING,55.63055556,6.222222222,K.G. Halli,No Junction,MEDIUM,7200
383,12.99491153,77.61850118,8,WRONG PARKING,57.2125,12.375,Pulikeshinagar(F.Town),No Junction,MEDIUM,1600
384,12.88355664,77.75235374,52,WRONG PARKING,52.73846154,4.442307692,No Police Station,No Junction,LOW,10400
385,12.94487397,77.49524997,23,NO PARKING,51.95652174,7.608695652,Jnanabharathi,No Junction,LOW,4600
386,13.05257949,77.48675331,61,WRONG PARKING,51.13278689,13.06557377,No Police Station,No Junction,LOW,12200
387,13.0045407,77.61578467,21,WRONG PARKING,57.44285714,21.71428571,Pulikeshinagar(F.Town),No Junction,MEDIUM,4200
388,12.9111864,77.60020039,12,NO PARKING,60.675,12,Mico Layout,BTP130 - GD Mara Junction,MEDIUM,2400
389,12.9090958,77.6807463,6,WRONG PARKING,58.55,9.333333333,Bellandur,No Junction,MEDIUM,1200
390,13.02891845,77.66400556,21,NO PARKING,56.21904762,6.904761905,Hennuru,No Junction,MEDIUM,4200
391,13.05662357,77.6517253,20,WRONG PARKING,53.505,9.55,Hennuru,No Junction,LOW,4000
392,12.91793723,77.57159667,6,WRONG PARKING,58.21666667,10.16666667,Banashankari,"BTP113 - 27th Cross, Pai Vista, KR Road",MEDIUM,1200
393,12.96081255,77.52833828,1004,WRONG PARKING,62.40747012,61.75099602,Byatarayanapura,BTP017 - Attiguppe Circle,MEDIUM,200800
394,13.02754365,77.63250598,12,WRONG PARKING,55.66666667,36.08333333,Banaswadi,No Junction,MEDIUM,2400
395,12.93118848,77.60094762,5,WRONG PARKING,60.7,14.8,Mico Layout,"BTP127 - Sagar Hospital, Jayanagar",MEDIUM,1000
396,13.04193889,77.61355132,43,WRONG PARKING,53.20697674,11.02325581,K.G. Halli,No Junction,LOW,8600
397,12.95063611,77.57808746,13,WRONG PARKING,59.32307692,27.46153846,V.V.Puram (C.Pet),BTP193 - Vasavi Circle,MEDIUM,2600
398,13.07145395,77.60754322,6,NO PARKING,61.53333333,4.166666667,Hebbala,No Junction,MEDIUM,1200
399,12.94816162,77.55920059,18,NO PARKING,57.26111111,23.33333333,Basavanagudi,No Junction,MEDIUM,3600
400,13.01062761,77.53598063,21,NO PARKING,70.14761905,51.38095238,Rajajinagar,No Junction,HIGH,10500
401,13.04550911,77.62711826,97,NO PARKING,59.38041237,18.41237113,Hennuru,No Junction,MEDIUM,19400
402,12.91673447,77.61523368,6,NO PARKING,59.01666667,5.666666667,Madiwala,"BTP164 - 29th Main Road, BTM Layout",MEDIUM,1200
403,12.98579171,77.64505685,19,WRONG PARKING,60.97368421,27.36842105,Banaswadi,No Junction,MEDIUM,3800
404,12.91403073,77.66667892,29,NO PARKING,60.47241379,25.31034483,Bellandur,No Junction,MEDIUM,5800
405,13.0151354,77.53722285,6,WRONG PARKING,69.65,53,Rajajinagar,No Junction,MEDIUM,1200
406,13.04362012,77.55362469,19,WRONG PARKING,55.18947368,7.105263158,Jalahalli,No Junction,MEDIUM,3800
407,12.959464,77.65208507,8,NO PARKING,66.275,21.25,Jeevanbheemanagar,No Junction,MEDIUM,1600
408,12.93000583,77.62948,9,NO PARKING,55.93333333,16.88888889,Adugodi,No Junction,MEDIUM,1800
409,12.9328124,77.55723349,7,NO PARKING,52.35714286,16.42857143,Banashankari,No Junction,LOW,1400
410,13.07947206,77.63396954,8,NO PARKING,51.6375,7.5,Hennuru,No Junction,LOW,1600
411,13.07035752,77.50395056,5,WRONG PARKING,51.58,12.6,Chikkabanavara,No Junction,LOW,1000
412,13.00832331,77.48431117,21,WRONG PARKING,53.03809524,20.33333333,Kamakshipalya,No Junction,LOW,4200
413,12.9554322,77.7438651,84,NO PARKING,57.69285714,18.0952381,Whitefield,No Junction,MEDIUM,16800
414,13.03153679,77.50365327,14,WRONG PARKING,53.37142857,3.785714286,Peenya,No Junction,LOW,2800
415,12.98743283,77.73454871,683,PARKING ON FOOTPATH,59.16603221,41.6193265,Whitefield,No Junction,MEDIUM,136600
416,13.06776923,77.44936356,10,WRONG PARKING,55.45,3.5,No Police Station,No Junction,MEDIUM,2000
417,13.03270975,77.55401411,8,WRONG PARKING,54.7,16.625,Yeshwanthpura,No Junction,LOW,1600
418,13.0691002,77.44719123,6,WRONG PARKING,52.7,5,No Police Station,No Junction,LOW,1200
419,12.94230741,77.54839281,34,WRONG PARKING,53.71176471,11.38235294,Banashankari,No Junction,LOW,6800
420,13.01315057,77.5346962,28,NO PARKING,69.79285714,62.39285714,Rajajinagar,No Junction,MEDIUM,5600
421,12.93093924,77.602781,5,WRONG PARKING,62.98,11.2,Mico Layout,"BTP127 - Sagar Hospital, Jayanagar",MEDIUM,1000
422,12.93898594,77.54768325,8,WRONG PARKING,52.2375,13.125,Banashankari,No Junction,LOW,1600
423,12.81143856,77.69434149,7,PARKING ON FOOTPATH,57.77142857,25,Electronic City,No Junction,MEDIUM,1400
424,12.92367448,77.65495921,9,WRONG PARKING,58.7,19.77777778,Bellandur,No Junction,MEDIUM,1800
425,13.0513454,77.49008102,5,WRONG PARKING,50.72,6.4,No Police Station,No Junction,LOW,1000
426,13.08698733,77.63519075,16,NO PARKING,51.91875,20.5625,Hennuru,No Junction,LOW,3200
427,12.80628431,77.69845497,40,PARKING IN A MAIN ROAD,57.89,24.3,Electronic City,No Junction,MEDIUM,8000
428,12.96162755,77.53372884,21,WRONG PARKING,79.58571429,48.38095238,Vijayanagara,BTP017 - Attiguppe Circle,HIGH,10500
429,12.96510522,77.60409258,15,NO PARKING,59.53333333,12.26666667,Ashok Nagar,"BTP099 - Cash Pharmacy, Residency Road",MEDIUM,3000
430,13.04853353,77.64546167,9,NO PARKING,54.2,3.444444444,Hennuru,No Junction,LOW,1800
431,13.08024616,77.50226381,7,NO PARKING,54.8,3.285714286,Chikkabanavara,No Junction,LOW,1400
432,12.88035696,77.64112444,32,WRONG PARKING,58.471875,17.4375,Hulimavu,No Junction,MEDIUM,6400
433,13.06812452,77.63361305,6,NO PARKING,55.7,10.5,Hennuru,No Junction,MEDIUM,1200
434,12.93841527,77.49284735,72,NO PARKING,51.88055556,11.34722222,Kengeri,No Junction,LOW,14400
435,13.00070071,77.59592601,149,WRONG PARKING,54.97516779,87.27516779,R.T. Nagar,No Junction,LOW,29800
436,12.95483525,77.68019488,10,NO PARKING,92.97,119.5,HAL Old Airport,No Junction,CRITICAL,10000
437,12.97219459,77.63134076,23,PARKING IN A MAIN ROAD,57.58695652,34.39130435,Halasur,No Junction,MEDIUM,4600
438,12.92522164,77.49879471,17,PARKING IN A MAIN ROAD,51.03529412,8,Kengeri,No Junction,LOW,3400
439,13.00043552,77.59968164,20,WRONG PARKING,59.015,99.3,R.T. Nagar,No Junction,MEDIUM,4000
440,12.97968255,77.51086142,31,NO PARKING,53.23225806,12.83870968,Jnanabharathi,No Junction,LOW,6200
441,12.91698876,77.62911956,20,WRONG PARKING,55.705,11.95,Madiwala,No Junction,MEDIUM,4000
442,12.98734074,77.47550462,19,WRONG PARKING,54.42631579,5.947368421,Kamakshipalya,No Junction,LOW,3800
443,12.98498809,77.54482869,15,NO PARKING,75.74,22.46666667,Vijayanagara,"BTP024 - NPS, Vijayanagar",HIGH,7500
444,12.9482009,77.50593293,7,WRONG PARKING,52.1,16,Jnanabharathi,No Junction,LOW,1400
445,12.86076215,77.66022277,6,NO PARKING,57.41666667,6.333333333,Electronic City,No Junction,MEDIUM,1200
446,12.94975608,77.48838227,6,WRONG PARKING,52.41666667,28.5,Jnanabharathi,No Junction,LOW,1200
447,13.03690505,77.50435437,6,WRONG PARKING,51.6,1.5,Peenya,No Junction,LOW,1200
448,12.9679779,77.534209,5,WRONG PARKING,82.48,66.2,Vijayanagara,"BTP016 - 5th Main Road, RPC Layout",HIGH,2500
449,12.87121912,77.57029624,5,WRONG PARKING,51.68,9,Thalagattapura,No Junction,LOW,1000
450,12.88263163,77.54640311,8,WRONG PARKING,51.7625,14,Thalagattapura,No Junction,LOW,1600
451,12.88584706,77.5707874,13,WRONG PARKING,52.64615385,10.07692308,Thalagattapura,No Junction,LOW,2600
452,12.8739981,77.64574502,9,WRONG PARKING,57.68888889,18.55555556,Electronic City,No Junction,MEDIUM,1800
453,12.99604562,77.59605046,5,WRONG PARKING,57.84,5.2,R.T. Nagar,No Junction,MEDIUM,1000
454,12.96403309,77.53446458,12,NO PARKING,82.54166667,74.16666667,Vijayanagara,"BTP016 - 5th Main Road, RPC Layout",HIGH,6000
455,12.99812941,77.60562266,38,WRONG PARKING,54.27631579,28.89473684,R.T. Nagar,No Junction,LOW,7600
456,12.93575709,77.51276661,20,PARKING IN A MAIN ROAD,52.825,5.3,Jnanabharathi,No Junction,LOW,4000
457,13.03609488,77.5191144,15,WRONG PARKING,51.96666667,19,Peenya,No Junction,LOW,3000
458,12.92459031,77.56431411,9,WRONG PARKING,63.11111111,14.44444444,Banashankari,BTP158 - Devegowda Petrol Bunk,MEDIUM,1800
459,13.0228553,77.56295305,41,WRONG PARKING,54.97317073,42.46341463,Yeshwanthpura,No Junction,LOW,8200
460,12.97985728,77.65252346,110,NO PARKING,57.08636364,28.31818182,Banaswadi,No Junction,MEDIUM,22000
461,12.98741708,77.58258061,22,NO PARKING,65.11818182,33.36363636,High ground,BTP054 - Shivananda Circle,MEDIUM,4400
462,12.82737061,77.68220315,24,PARKING IN A MAIN ROAD,59.16666667,17.08333333,Electronic City,No Junction,MEDIUM,4800
463,12.99923309,77.62466628,210,NO PARKING,57.87095238,41.33333333,Pulikeshinagar(F.Town),No Junction,MEDIUM,42000
464,12.88992972,77.66911566,5,NO PARKING,57.88,24.2,Electronic City,No Junction,MEDIUM,1000
465,12.93982618,77.69054622,5,NO PARKING,91.44,222.4,HAL Old Airport,No Junction,CRITICAL,5000
466,12.92144472,77.63849843,22,NO PARKING,52.96818182,11.68181818,Madiwala,No Junction,LOW,4400
467,13.01816405,77.65399539,8,NO PARKING,57.275,32.75,Banaswadi,No Junction,MEDIUM,1600
468,12.91553554,77.69870209,29,WRONG PARKING,60.80689655,19.10344828,Bellandur,No Junction,MEDIUM,5800
469,12.9385784,77.71762258,8,WRONG PARKING,54.6375,36.75,Whitefield,No Junction,LOW,1600
470,12.90652883,77.57805565,16,NO PARKING,59.6125,7.75,J.P. Nagar,"BTP161 - 15th Cross, 35th Main, JP Nagar",MEDIUM,3200
471,12.91483424,77.55354819,7,PARKING IN A MAIN ROAD,58.75714286,4,Banashankari,No Junction,MEDIUM,1400
472,13.06769057,77.58034745,38,WRONG PARKING,72.19473684,37.31578947,Kodigehalli,No Junction,HIGH,19000
473,12.84284327,77.6419475,6,NO PARKING,62.1,30.5,Electronic City,No Junction,MEDIUM,1200
474,13.01089176,77.58998307,7,WRONG PARKING,53.12857143,9,R.T. Nagar,No Junction,LOW,1400
475,13.02881379,77.63131865,8,PARKING IN A MAIN ROAD,54.6375,5,K.G. Halli,No Junction,LOW,1600
476,13.1830112,77.67647545,6,NO PARKING,62.51666667,36,Chikkajala,No Junction,MEDIUM,1200
477,12.9585716,77.66824093,300,WRONG PARKING,87.863,63.84,HAL Old Airport,No Junction,CRITICAL,300000
478,13.03294033,77.62733596,38,NO PARKING,56.30526316,19.36842105,K.G. Halli,No Junction,MEDIUM,7600
479,12.95429642,77.62253419,16,WRONG PARKING,55.9875,4,Ashok Nagar,No Junction,MEDIUM,3200
480,13.04556447,77.55659399,14,NO PARKING,56.35,7.857142857,Jalahalli,No Junction,MEDIUM,2800
481,12.96010608,77.66612439,21,NO PARKING,66.82380952,44.52380952,Jeevanbheemanagar,No Junction,MEDIUM,4200
482,13.16077423,77.59561081,18,NO PARKING,61.21666667,50.72222222,Chikkajala,No Junction,MEDIUM,3600
483,12.93824621,77.53334206,63,WRONG PARKING,54.86984127,10.38095238,Banashankari,No Junction,LOW,12600
484,13.06358993,77.57198726,11,WRONG PARKING,70.11818182,27.54545455,Kodigehalli,No Junction,HIGH,5500
485,12.88715313,77.59675,9,WRONG PARKING,53.63333333,8.555555556,J.P. Nagar,No Junction,LOW,1800
486,12.92840604,77.59994173,7,NO PARKING,62.78571429,13.28571429,Jayanagara,"BTP127 - Sagar Hospital, Jayanagar",MEDIUM,1400
487,12.98799538,77.49422616,5,PARKING IN A MAIN ROAD,52.46,4.2,Kamakshipalya,No Junction,LOW,1000
488,12.93810675,77.62135861,19,WRONG PARKING,56.25263158,26.68421053,Adugodi,No Junction,MEDIUM,3800
489,13.03299666,77.62943489,8,NO PARKING,51.725,11.375,Hennuru,No Junction,LOW,1600
490,12.85432268,77.66211305,30,NO PARKING,58.36333333,9.733333333,Electronic City,No Junction,MEDIUM,6000
491,13.15069594,77.61951494,7,PARKING IN A MAIN ROAD,62.81428571,47.71428571,Chikkajala,No Junction,MEDIUM,1400
492,12.97493038,77.64497476,13,NO PARKING,61.87692308,24.53846154,Jeevanbheemanagar,No Junction,MEDIUM,2600
493,13.0221675,77.60285048,6,NO PARKING,55.23333333,21.16666667,R.T. Nagar,No Junction,MEDIUM,1200
494,13.0604311,77.65208905,68,NO PARKING,54.80147059,35.79411765,Hennuru,No Junction,LOW,13600
495,13.0318417,77.5682215,7,NO PARKING,52.48571429,6,Sadashivanagar,No Junction,LOW,1400
496,13.00253042,77.61566536,11,WRONG PARKING,57.13636364,8.636363636,Pulikeshinagar(F.Town),No Junction,MEDIUM,2200
497,13.04190704,77.55726764,8,NO PARKING,51.95,2.875,Jalahalli,No Junction,LOW,1600
498,13.0173601,77.70461604,21,NO PARKING,64.24761905,32.57142857,K.R. Pura,No Junction,MEDIUM,4200
499,13.02646205,77.58867376,23,WRONG PARKING,53.56956522,29.43478261,R.T. Nagar,No Junction,LOW,4600
500,13.02472117,77.59029876,37,NO PARKING,53.48648649,22.40540541,R.T. Nagar,No Junction,LOW,7400
501,12.91689827,77.58956701,7,WRONG PARKING,60.92857143,5.857142857,J.P. Nagar,"BTP178 - 18th Main, Marenahalli",MEDIUM,1400
502,12.8911425,77.59511833,8,NO PARKING,53.0125,10.625,J.P. Nagar,No Junction,LOW,1600
503,12.88279274,77.60985503,9,NO PARKING,54.44444444,18.55555556,Hulimavu,No Junction,LOW,1800
504,12.99374514,77.58513902,5,NO PARKING,67.28,21.4,High ground,BTP032 - Windsor Circle,MEDIUM,1000
505,12.9380231,77.59869678,24,NO PARKING,64.6625,18.58333333,Wilson Garden,BTP126 - Dairy Circle,MEDIUM,4800
506,12.95883207,77.52501315,11,NO PARKING,68.26363636,36.81818182,Byatarayanapura,No Junction,MEDIUM,2200
507,12.98889383,77.58222278,6,NO PARKING,65.03333333,24,High ground,BTP054 - Shivananda Circle,MEDIUM,1200
508,12.97172802,77.64957471,19,PARKING IN A MAIN ROAD,63.48947368,59.89473684,Jeevanbheemanagar,No Junction,MEDIUM,3800
509,13.06882603,77.53009701,80,WRONG PARKING,54.72625,11.975,Jalahalli,No Junction,LOW,16000
510,12.87520785,77.63990235,15,WRONG PARKING,58.48,21.86666667,Electronic City,No Junction,MEDIUM,3000
511,12.96288417,77.73295218,140,NO PARKING,56.62714286,35.67142857,Whitefield,No Junction,MEDIUM,28000
512,12.88883762,77.67215296,13,PARKING IN A MAIN ROAD,58.11538462,10.46153846,Bellandur,No Junction,MEDIUM,2600
513,12.89193691,77.6319766,25,WRONG PARKING,54.496,25.64,Hulimavu,No Junction,LOW,5000
514,13.00458956,77.6601714,8,NO PARKING,56.7,10.375,Banaswadi,No Junction,MEDIUM,1600
515,12.94347008,77.53860004,5,NO PARKING,65.1,4.8,Byatarayanapura,No Junction,MEDIUM,1000
516,13.01085769,77.59516163,22,NO PARKING,53.49090909,20.95454545,R.T. Nagar,No Junction,LOW,4400
517,12.95626859,77.64873039,17,NO PARKING,62.3,43.23529412,Jeevanbheemanagar,No Junction,MEDIUM,3400
518,12.88972246,77.63652252,5,WRONG PARKING,54.7,35.4,Hulimavu,No Junction,LOW,1000
519,13.06063398,77.5893737,6,WRONG PARKING,79.6,52,Kodigehalli,No Junction,HIGH,3000
520,12.8935967,77.5628,8,NO PARKING,51.7375,14.5,K.S. Layout,No Junction,LOW,1600
521,12.83062968,77.68126675,6,PARKING IN A MAIN ROAD,57.78333333,23.16666667,Electronic City,No Junction,MEDIUM,1200
522,12.87257984,77.56651448,18,WRONG PARKING,51.64444444,7.166666667,Thalagattapura,No Junction,LOW,3600
523,12.98842419,77.72943737,12,NO PARKING,63.99166667,24.58333333,Mahadevapura,No Junction,MEDIUM,2400
524,12.91846717,77.68639342,6,NO PARKING,81.95,56.66666667,HAL Old Airport,No Junction,HIGH,3000
525,12.91740652,77.68876644,5,NO PARKING,81.24,68.4,HAL Old Airport,No Junction,HIGH,2500
526,12.94885407,77.4996643,10,WRONG PARKING,52.3,24,Jnanabharathi,No Junction,LOW,2000
527,12.90591164,77.55816121,7,NO PARKING,54.87142857,3.857142857,K.S. Layout,No Junction,LOW,1400
528,13.02644787,77.56178254,8,WRONG PARKING,54.775,32.75,Yeshwanthpura,No Junction,LOW,1600
529,13.19664317,77.70880658,6,NO PARKING,51.95,18.33333333,Devanahalli Airport,No Junction,LOW,1200
530,13.24218083,77.70400994,7,NO PARKING,51.71428571,5.142857143,Devanahalli Airport,No Junction,LOW,1400
531,12.92901923,77.5679649,7,WRONG PARKING,52.34285714,15.71428571,Banashankari,No Junction,LOW,1400
532,12.85093054,77.65745047,116,WRONG PARKING,58.95948276,41.28448276,Electronic City,No Junction,MEDIUM,23200
533,12.86090215,77.58992537,6,NO PARKING,55.61666667,5.666666667,Thalagattapura,No Junction,MEDIUM,1200
534,12.82491962,77.68361142,6,PARKING IN A MAIN ROAD,58,34,Electronic City,No Junction,MEDIUM,1200
535,13.01993234,77.562367,9,NO PARKING,54.96666667,26.55555556,Yeshwanthpura,No Junction,LOW,1800
536,13.02917168,77.58095857,50,WRONG PARKING,70.084,68.86,Kodigehalli,No Junction,HIGH,25000
537,12.98945911,77.61329203,11,NO PARKING,57.25454545,14.36363636,Pulikeshinagar(F.Town),No Junction,MEDIUM,2200
538,12.88747022,77.73848478,19,PARKING NEAR BUSTOP/SCHOOL/HOSPITAL ETC,53.03684211,9.789473684,No Police Station,No Junction,LOW,3800
539,12.92110592,77.57296847,6,NO PARKING,58.13333333,6.666666667,Banashankari,"BTP113 - 27th Cross, Pai Vista, KR Road",MEDIUM,1200
540,12.92415038,77.55328447,7,WRONG PARKING,58.37142857,12.85714286,Banashankari,BTP156 - Kamakya Junction,MEDIUM,1400
541,12.82304172,77.68559496,23,PARKING IN A MAIN ROAD,59.14347826,36.34782609,Electronic City,No Junction,MEDIUM,4600
542,12.98782896,77.66380619,17,WRONG PARKING,56.82941176,17.41176471,Banaswadi,No Junction,MEDIUM,3400
543,13.05750354,77.62657059,11,NO PARKING,53.70909091,2.363636364,Hennuru,No Junction,LOW,2200
544,13.0238133,77.71636589,9,NO PARKING,63.48888889,41.88888889,K.R. Pura,No Junction,MEDIUM,1800
545,13.20380558,77.67790251,8,NO PARKING,51.95,14.375,Devanahalli Airport,No Junction,LOW,1600
546,13.02062704,77.76217858,12,NO PARKING,61.35,33.16666667,Mahadevapura,No Junction,MEDIUM,2400
547,12.99097767,77.68761647,30,WRONG PARKING,61.79,53.96666667,Mahadevapura,No Junction,MEDIUM,6000
548,12.97264805,77.70062029,9,NO PARKING,64.78888889,62.55555556,Mahadevapura,No Junction,MEDIUM,1800
549,12.97194974,77.65370034,10,NO PARKING,63.51,38.1,Jeevanbheemanagar,No Junction,MEDIUM,2000
550,12.98377321,77.69188587,6,WRONG PARKING,61.35,36.16666667,Mahadevapura,No Junction,MEDIUM,1200
551,12.99499025,77.68963067,7,WRONG PARKING,63.92857143,150.5714286,Mahadevapura,No Junction,MEDIUM,1400
552,12.98903635,77.72792108,8,PARKING IN A MAIN ROAD,64.925,177.5,Mahadevapura,No Junction,MEDIUM,1600
553,12.9677776,77.50247336,5,WRONG PARKING,52.08,13,Jnanabharathi,No Junction,LOW,1000
554,12.97249732,77.65107982,6,NO PARKING,61.6,14,Jeevanbheemanagar,No Junction,MEDIUM,1200
555,12.95002159,77.52238495,187,NO PARKING,63.75614973,49.35294118,Byatarayanapura,BTP098 - Nayandahalli Junction,MEDIUM,37400
556,12.9699661,77.49696187,14,WRONG PARKING,51.98571429,9.214285714,Jnanabharathi,No Junction,LOW,2800
557,13.01443296,77.53874848,8,WRONG PARKING,74.45,66.875,Rajajinagar,No Junction,HIGH,4000
558,12.9206964,77.60048208,50,NO PARKING,62.666,7.76,Mico Layout,BTP128 - Gorappanapalya Junction,MEDIUM,10000
559,12.98105557,77.657013,10,NO PARKING,56.8,18.3,Banaswadi,No Junction,MEDIUM,2000
560,12.98497368,77.72849073,10,WRONG PARKING,61.57,79.8,Mahadevapura,No Junction,MEDIUM,2000
561,12.95611058,77.60193649,8,NO PARKING,64.2625,30.375,Ashok Nagar,BTP172 - Nanjappa Circle,MEDIUM,1600
562,13.11647493,77.57811598,49,NO PARKING,55.68367347,15.91836735,Yelahanka,No Junction,MEDIUM,9800
563,12.93485536,77.51152746,8,PARKING IN A MAIN ROAD,51.975,9,Jnanabharathi,No Junction,LOW,1600
564,12.99489669,77.56588544,7,WRONG PARKING,56.01428571,32.42857143,Sheshadripuram,No Junction,MEDIUM,1400
565,13.018582,77.76225866,5,NO PARKING,65.92,25.6,Mahadevapura,No Junction,MEDIUM,1000
566,13.04688593,77.58067284,7,WRONG PARKING,81,35.14285714,Kodigehalli,No Junction,HIGH,3500
567,12.94838613,77.55282058,6,WRONG PARKING,56.16666667,7.333333333,Basavanagudi,No Junction,MEDIUM,1200
568,12.99795043,77.56562669,8,WRONG PARKING,88.525,132.5,Malleshwaram,No Junction,CRITICAL,8000
569,13.02787531,77.51874462,30,WRONG PARKING,52.10666667,25.76666667,Peenya,No Junction,LOW,6000
570,13.0150975,77.5523507,6,WRONG PARKING,87.36666667,82.5,Malleshwaram,No Junction,CRITICAL,6000
571,13.06564869,77.57075675,14,WRONG PARKING,70.62142857,58.5,Kodigehalli,No Junction,HIGH,7000
572,12.91385148,77.59999902,6,NO PARKING,58.4,18.16666667,Mico Layout,"BTP202 - East End Main Road, Jayanagar",MEDIUM,1200
573,12.89520457,77.67584004,79,WRONG PARKING,58.54303797,21.97468354,Electronic City,No Junction,MEDIUM,15800
574,13.04480136,77.60112247,11,WRONG PARKING,55.73636364,14.63636364,Hebbala,No Junction,MEDIUM,2200
575,13.084325,77.582925,7,WRONG PARKING,54.42857143,13.42857143,Yelahanka,No Junction,LOW,1400
576,12.91660089,77.60511194,8,NO PARKING,54.9,23.625,Mico Layout,No Junction,LOW,1600
577,13.07427678,77.58797028,6,WRONG PARKING,55.2,43.16666667,Yelahanka,No Junction,MEDIUM,1200
578,13.02129398,77.67845168,10,NO PARKING,58.46,18.2,Banaswadi,No Junction,MEDIUM,2000
579,12.90162453,77.63884214,12,WRONG PARKING,59.26666667,40.83333333,HSR Layout,No Junction,MEDIUM,2400
580,12.90142186,77.68854287,7,WRONG PARKING,60.74285714,116.2857143,Bellandur,No Junction,MEDIUM,1400
581,12.96475864,77.76161433,7,WRONG PARKING,54.12857143,11.14285714,Whitefield,No Junction,LOW,1400
582,12.955927,77.72608852,10,NO PARKING,58.92,11.5,Whitefield,No Junction,MEDIUM,2000
583,13.04202638,77.52776628,5,NO PARKING,51.92,3,Peenya,No Junction,LOW,1000
584,12.96919204,77.51039883,15,WRONG PARKING,56.73333333,6.8,Jnanabharathi,No Junction,MEDIUM,3000
585,12.91994017,77.58076882,32,WRONG PARKING,64.321875,16,Jayanagara,"BTP191 - 40th Cross, 4th Main, Jayanagar",MEDIUM,6400
586,12.96609251,77.50925494,10,WRONG PARKING,51.93,6.5,Jnanabharathi,No Junction,LOW,2000
587,12.89790199,77.60638921,17,NO PARKING,55.17058824,8.117647059,Mico Layout,No Junction,MEDIUM,3400
588,12.93297136,77.48825808,9,WRONG PARKING,51.26666667,7.222222222,Kengeri,No Junction,LOW,1800
589,12.96765004,77.63668939,19,NO PARKING,62.58947368,48,Jeevanbheemanagar,No Junction,MEDIUM,3800
590,12.96775014,77.65399929,6,NO PARKING,64.36666667,119.6666667,Jeevanbheemanagar,No Junction,MEDIUM,1200
591,12.99000513,77.66322824,9,WRONG PARKING,58.15555556,22.44444444,Banaswadi,No Junction,MEDIUM,1800
592,12.95495202,77.68617598,5,WRONG PARKING,87.32,88,HAL Old Airport,No Junction,CRITICAL,5000
593,12.94650408,77.4871513,9,WRONG PARKING,52.17777778,19.11111111,Jnanabharathi,No Junction,LOW,1800
594,13.02538544,77.52031412,27,WRONG PARKING,60.00740741,18.22222222,Peenya,No Junction,MEDIUM,5400
595,13.18816995,77.64384553,6,NO PARKING,63.1,40.5,Chikkajala,No Junction,MEDIUM,1200
596,13.17553091,77.63548555,19,NO PARKING,63.52105263,116.8421053,Chikkajala,No Junction,MEDIUM,3800
597,13.01442883,77.54818522,10,WRONG PARKING,69.48,50.6,Rajajinagar,No Junction,MEDIUM,2000
598,12.92477891,77.5751881,32,NO PARKING,58.5875,23.5,Banashankari,"BTP114 - KR Road Junction, Near JSS",MEDIUM,6400
599,12.97407207,77.52986155,6,WRONG PARKING,80.65,8.5,Vijayanagara,BTP214 - 5th Main Chamrajpet  Junction,HIGH,3000
600,12.84296091,77.68731518,17,PARKING ON FOOTPATH,58.15294118,7.529411765,Electronic City,No Junction,MEDIUM,3400
601,12.96079703,77.68173284,7,NO PARKING,92.75714286,284,HAL Old Airport,No Junction,CRITICAL,7000
602,13.00653196,77.63540296,8,WRONG PARKING,58.5125,29.25,Banaswadi,No Junction,MEDIUM,1600
603,13.00714144,77.56401192,57,WRONG PARKING,87.68070175,106.8070175,Malleshwaram,No Junction,CRITICAL,57000
604,12.96682037,77.65828948,88,NO PARKING,64.52386364,76.625,Jeevanbheemanagar,No Junction,MEDIUM,17600
605,12.97790104,77.71292086,69,WRONG PARKING,71.35507246,70.30434783,Mahadevapura,No Junction,HIGH,34500
606,13.00561094,77.56663074,5,WRONG PARKING,87.08,83,Malleshwaram,No Junction,CRITICAL,5000
607,12.97297622,77.60314581,10,WRONG PARKING,56.27,31.6,Cubbon Park,No Junction,MEDIUM,2000
608,12.89526623,77.62597007,9,NO PARKING,53.15555556,3.888888889,Madiwala,No Junction,LOW,1800
609,13.01572756,77.70937808,12,PARKING IN A MAIN ROAD,64.925,36.41666667,K.R. Pura,No Junction,MEDIUM,2400
610,12.933814,77.56241266,5,WRONG PARKING,56.16,6.6,Basavanagudi,No Junction,MEDIUM,1000
611,12.99164858,77.52097507,11,WRONG PARKING,53.61818182,5.090909091,Kamakshipalya,No Junction,LOW,2200
612,12.99167107,77.72043943,20,WRONG PARKING,62.925,25,Mahadevapura,No Junction,MEDIUM,4000
613,12.92641126,77.66977228,23,WRONG PARKING,58.99565217,25.7826087,Bellandur,No Junction,MEDIUM,4600
614,13.02271317,77.64780512,6,NO PARKING,51.63333333,6,Hennuru,No Junction,LOW,1200
615,13.19441004,77.69912659,8,NO PARKING,54.7875,10.125,Devanahalli Airport,No Junction,LOW,1600
616,12.91974969,77.61301343,6,NO PARKING,60.88333333,9.833333333,Madiwala,"BTP164 - 29th Main Road, BTM Layout",MEDIUM,1200
617,13.04366112,77.57057345,22,WRONG PARKING,69.43636364,45.86363636,Kodigehalli,No Junction,MEDIUM,4400
618,12.93621136,77.58114113,8,WRONG PARKING,69.2875,18.375,Jayanagara,BTP187 - South End Circle,MEDIUM,1600
619,13.01150076,77.61341722,5,NO PARKING,51.6,5.2,K.G. Halli,No Junction,LOW,1000
620,12.92261143,77.55709764,8,NO PARKING,58.1875,7.75,Banashankari,BTP158 - Devegowda Petrol Bunk,MEDIUM,1600
621,13.00712897,77.62158881,73,NO PARKING,56.24520548,26.63013699,Pulikeshinagar(F.Town),No Junction,MEDIUM,14600
622,13.01740818,77.61823932,5,WRONG PARKING,51.8,15.4,K.G. Halli,No Junction,LOW,1000
623,12.93583644,77.56142473,5,PARKING IN A MAIN ROAD,56.38,15.6,Basavanagudi,No Junction,MEDIUM,1000
624,13.03340182,77.57220017,10,WRONG PARKING,68.63,15.2,Kodigehalli,No Junction,MEDIUM,2000
625,13.00657068,77.56584943,8,WRONG PARKING,88.325,130.625,Malleshwaram,No Junction,CRITICAL,8000
626,12.91451499,77.5599157,7,NO PARKING,53.25714286,7,K.S. Layout,No Junction,LOW,1400
627,13.2011934,77.66208662,5,WRONG PARKING,52.28,31,Devanahalli Airport,No Junction,LOW,1000
628,12.91849764,77.55970339,16,WRONG PARKING,58.15625,6.875,Banashankari,BTP158 - Devegowda Petrol Bunk,MEDIUM,3200
629,12.86093484,77.6747181,5,WRONG PARKING,57.64,16,Electronic City,No Junction,MEDIUM,1000
630,12.88342283,77.63635484,10,WRONG PARKING,54.85,38.5,Hulimavu,No Junction,LOW,2000
631,13.07273759,77.60361158,15,WRONG PARKING,59.61333333,8.8,Hebbala,No Junction,MEDIUM,3000
632,12.90128651,77.70907216,35,WRONG PARKING,55.97714286,17.62857143,Whitefield,No Junction,MEDIUM,7000
633,13.1868307,77.6395723,6,NO PARKING,60.7,33.83333333,Chikkajala,No Junction,MEDIUM,1200
634,12.85924543,77.70308984,7,NO PARKING,57.77142857,19.42857143,Electronic City,No Junction,MEDIUM,1400
635,13.05876086,77.55915058,12,NO PARKING,57.925,14.58333333,Yelahanka,No Junction,MEDIUM,2400
636,12.98545987,77.74565409,106,PARKING IN A MAIN ROAD,54.80660377,33.87735849,Whitefield,No Junction,LOW,21200
637,12.98670214,77.69011616,26,WRONG PARKING,72.95,21.42307692,Mahadevapura,No Junction,HIGH,13000
638,12.9583309,77.5352855,7,NO PARKING,82.8,62.57142857,Vijayanagara,BTP017 - Attiguppe Circle,HIGH,3500
639,12.96021289,77.55421707,17,NO PARKING,71.48235294,22.17647059,Magadi Road,BTP092 - Bangalore Builders Junction,HIGH,8500
640,12.90351925,77.64209047,57,WRONG PARKING,58.81929825,20.10526316,HSR Layout,No Junction,MEDIUM,11400
641,12.99822067,77.62830101,7,WRONG PARKING,60.92857143,10.85714286,Pulikeshinagar(F.Town),No Junction,MEDIUM,1400
642,13.03132908,77.63569375,6,NO PARKING,53.63333333,7.833333333,Hennuru,No Junction,LOW,1200
643,12.95140791,77.60380866,8,NO PARKING,61.8625,3.625,Wilson Garden,BTP132 - Anepalya Junction,MEDIUM,1600
644,12.95641074,77.62099088,8,WRONG PARKING,56.475,24.5,Ashok Nagar,No Junction,MEDIUM,1600
645,12.87891121,77.63714942,10,WRONG PARKING,61.15,14.2,Hulimavu,No Junction,MEDIUM,2000
646,12.98589208,77.7309264,5,PARKING IN A MAIN ROAD,55,46.8,Whitefield,No Junction,MEDIUM,1000
647,12.99635032,77.62129048,5,NO PARKING,57.26,14.8,Pulikeshinagar(F.Town),No Junction,MEDIUM,1000
648,12.9190793,77.7362155,7,NO PARKING,54.5,31,Whitefield,No Junction,LOW,1400
649,12.90973638,77.63510814,5,WRONG PARKING,58.98,27.6,HSR Layout,No Junction,MEDIUM,1000
650,12.88495498,77.63495603,10,WRONG PARKING,54.43,22.2,Hulimavu,No Junction,LOW,2000
651,12.89329614,77.61988518,8,WRONG PARKING,52.9375,11.875,Madiwala,No Junction,LOW,1600
652,13.04988499,77.6301189,65,NO PARKING,60.87538462,29.61538462,Hennuru,No Junction,MEDIUM,13000
653,13.06628864,77.53233464,8,WRONG PARKING,52.05,8.875,Jalahalli,No Junction,LOW,1600
654,12.96116094,77.71360753,10,WRONG PARKING,87.44,103.9,HAL Old Airport,No Junction,CRITICAL,10000
655,12.91370598,77.56720766,10,WRONG PARKING,57.58,3.1,K.S. Layout,BTP157 - Kadirenahalli Cross,MEDIUM,2000
656,13.07198914,77.57291704,5,WRONG PARKING,69.18,39,Kodigehalli,No Junction,MEDIUM,1000
657,13.18455326,77.69428636,5,WRONG PARKING,61.42,71,Chikkajala,No Junction,MEDIUM,1000
658,13.04367631,77.58431269,12,NO PARKING,69.775,51.33333333,Kodigehalli,No Junction,MEDIUM,2400
659,12.8478567,77.65794908,5,WRONG PARKING,57.44,8,Electronic City,No Junction,MEDIUM,1000
660,12.88606553,77.55721877,5,NO PARKING,51.62,5.6,Thalagattapura,No Junction,LOW,1000
661,12.94329333,77.74982466,18,WRONG PARKING,56.72777778,8.111111111,Whitefield,No Junction,MEDIUM,3600
662,12.95493021,77.56602088,17,NO PARKING,62.82941176,4.941176471,Basavanagudi,BTP214 - 5th Main Chamrajpet  Junction,MEDIUM,3400
663,13.05665912,77.76756326,5,WRONG PARKING,61.34,16.4,K.R. Pura,No Junction,MEDIUM,1000
664,12.9894244,77.74874527,7,WRONG PARKING,61.44285714,48,Mahadevapura,No Junction,MEDIUM,1400
665,13.0727163,77.5850587,9,WRONG PARKING,69.51111111,43,Kodigehalli,No Junction,MEDIUM,1800
666,12.94167887,77.56224237,52,WRONG PARKING,57.18269231,46.42307692,Basavanagudi,No Junction,MEDIUM,10400
667,12.99654153,77.61898193,6,NO PARKING,58.76666667,87,Pulikeshinagar(F.Town),No Junction,MEDIUM,1200
668,13.00222506,77.6175851,5,WRONG PARKING,58.68,65.6,Pulikeshinagar(F.Town),No Junction,MEDIUM,1000
669,12.91662774,77.644805,7,WRONG PARKING,58.74285714,16.71428571,HSR Layout,No Junction,MEDIUM,1400
670,12.96599906,77.615504,5,NO PARKING,62.66,27,Halasur,BTP141 - Palmgroove Junction,MEDIUM,1000
671,12.90925216,77.63942981,8,WRONG PARKING,59.2375,36.875,HSR Layout,No Junction,MEDIUM,1600
672,12.95850085,77.53357265,6,NO PARKING,77.76666667,22.5,Vijayanagara,BTP017 - Attiguppe Circle,HIGH,3000
673,13.05363959,77.6213268,9,NO PARKING,54.33333333,9,Hennuru,No Junction,LOW,1800
674,13.0041634,77.6229719,6,NO PARKING,57.05,6.666666667,Pulikeshinagar(F.Town),No Junction,MEDIUM,1200
675,12.9763103,77.52544147,14,WRONG PARKING,76.41428571,27.35714286,Vijayanagara,No Junction,HIGH,7000
676,12.8775174,77.6024602,6,NO PARKING,56.11666667,78.33333333,Hulimavu,No Junction,MEDIUM,1200
677,12.88452446,77.60199121,15,WRONG PARKING,54.46,24.06666667,Hulimavu,No Junction,LOW,3000
678,12.94915028,77.5700467,9,NO PARKING,59.87777778,54,V.V.Puram (C.Pet),BTP215 - Vanivillas Junction,MEDIUM,1800
679,12.87881247,77.5954906,8,WRONG PARKING,54.1,34.625,Hulimavu,No Junction,LOW,1600
680,12.99718341,77.67153004,6,PARKING IN A MAIN ROAD,62.8,103,Mahadevapura,No Junction,MEDIUM,1200
681,12.95490976,77.57532428,5,WRONG PARKING,60.76,89,V.V.Puram (C.Pet),BTP106 - VV Puram College,MEDIUM,1000
682,12.96223275,77.57181165,6,NO PARKING,59.55,29,V.V.Puram (C.Pet),BTP212 - Minto Junction,MEDIUM,1200
683,12.95699745,77.73757122,6,NO PARKING,61.98333333,5.666666667,Whitefield,No Junction,MEDIUM,1200
684,12.91794143,77.56441363,15,WRONG PARKING,54.10666667,18.4,Banashankari,BTP158 - Devegowda Petrol Bunk,LOW,3000
685,12.9608584,77.5023634,6,WRONG PARKING,55.93333333,7.5,Jnanabharathi,No Junction,MEDIUM,1200
686,13.02197803,77.55323695,12,WRONG PARKING,54.66666667,15.41666667,Yeshwanthpura,No Junction,LOW,2400
687,12.96208225,77.56421865,8,NO PARKING,62.9375,20.75,Chamarajpet,"BTP089 - Police Quarters, Sultan Road",MEDIUM,1600
688,12.9569105,77.55025516,8,NO PARKING,65.025,25.25,Byatarayanapura,"BTP093 - Toll Gate, Mysore Road",MEDIUM,1600
689,13.1820686,77.6958299,5,WRONG PARKING,60.92,47.4,Chikkajala,No Junction,MEDIUM,1000
690,12.85992683,77.64766272,6,WRONG PARKING,57.53333333,9.666666667,Electronic City,No Junction,MEDIUM,1200
691,12.88258936,77.6496605,15,WRONG PARKING,58.09333333,39.13333333,Electronic City,No Junction,MEDIUM,3000
692,12.96909372,77.55479128,5,WRONG PARKING,69.36,12,Magadi Road,No Junction,MEDIUM,1000
693,12.98044368,77.51713883,6,WRONG PARKING,64.53333333,7,Kamakshipalya,No Junction,MEDIUM,1200
694,13.0955782,77.58335156,5,WRONG PARKING,54.98,33.6,Yelahanka,No Junction,LOW,1000
695,13.09423265,77.58120001,13,WRONG PARKING,54.55384615,20,Yelahanka,No Junction,LOW,2600
696,12.98060122,77.72080128,9,WRONG PARKING,61.18888889,36.77777778,Mahadevapura,No Junction,MEDIUM,1800
697,12.98034248,77.72729566,18,WRONG PARKING,57.98333333,21.61111111,Mahadevapura,No Junction,MEDIUM,3600
698,12.9969158,77.5752096,8,WRONG PARKING,55.7875,19.5,Sheshadripuram,No Junction,MEDIUM,1600
699,12.88710992,77.64971882,30,WRONG PARKING,58.18666667,35.66666667,Electronic City,No Junction,MEDIUM,6000
700,13.09113385,77.59679493,6,PARKING IN A MAIN ROAD,56.21666667,4.833333333,Yelahanka,No Junction,MEDIUM,1200
701,12.9091183,77.5771533,5,WRONG PARKING,58.82,6,J.P. Nagar,BTP196 - Sarakki Main Road,MEDIUM,1000
702,13.00059401,77.62178007,20,NO PARKING,58.255,43.55,Pulikeshinagar(F.Town),No Junction,MEDIUM,4000
703,12.97564165,77.53450095,11,WRONG PARKING,82.43636364,37.45454545,Vijayanagara,BTP214 - 5th Main Chamrajpet  Junction,HIGH,5500
704,13.00661994,77.58378023,7,NO PARKING,52.64285714,11.42857143,Sadashivanagar,No Junction,LOW,1400
705,13.05079689,77.51525884,13,WRONG PARKING,51.44615385,7.153846154,Chikkabanavara,No Junction,LOW,2600
706,13.00608666,77.75140584,8,WRONG PARKING,61.7,43.5,Mahadevapura,No Junction,MEDIUM,1600
707,12.8737428,77.6434699,8,WRONG PARKING,57.5375,69.75,Electronic City,No Junction,MEDIUM,1600
708,13.03604451,77.57168134,10,WRONG PARKING,69.3,38.1,Kodigehalli,No Junction,MEDIUM,2000
709,12.8920474,77.5635884,7,NO PARKING,51.61428571,9.285714286,K.S. Layout,No Junction,LOW,1400
710,12.96556824,77.59246044,5,WRONG PARKING,66.82,15.6,Halasuru Gate,BTP203 - RRMR Junction,MEDIUM,1000
711,12.97455163,77.55725709,8,NO PARKING,72.15,35.125,Magadi Road,BTP071 - Prasanna Junction,HIGH,4000
712,12.98176068,77.63384463,6,WRONG PARKING,62.71666667,58.5,Jeevanbheemanagar,No Junction,MEDIUM,1200
713,12.91510853,77.61581646,29,WRONG PARKING,60.68965517,14.44827586,Mico Layout,"BTP164 - 29th Main Road, BTM Layout",MEDIUM,5800
714,12.96770853,77.54120146,8,WRONG PARKING,78.025,50,Vijayanagara,"BTP022 - Marenahalli Junction, Vijayanagar",HIGH,4000
715,12.91401929,77.54679285,5,PARKING IN A MAIN ROAD,51.5,6,K.S. Layout,No Junction,LOW,1000
716,12.98863972,77.44879888,5,WRONG PARKING,50.68,4.2,No Police Station,No Junction,LOW,1000
717,12.95149568,77.52945418,5,NO PARKING,57.98,8,Byatarayanapura,No Junction,MEDIUM,1000
718,12.92855766,77.59167193,25,WRONG PARKING,57.364,17.6,Jayanagara,No Junction,MEDIUM,5000
719,13.0721156,77.60562948,5,WRONG PARKING,55.54,8.4,Hebbala,No Junction,MEDIUM,1000
720,13.00599659,77.62064832,32,WRONG PARKING,65.615625,13.84375,K.G. Halli,No Junction,MEDIUM,6400
721,13.05446654,77.48208741,14,WRONG PARKING,51.28571429,23,No Police Station,No Junction,LOW,2800
722,13.05595921,77.63244382,12,NO PARKING,55.31666667,34.66666667,Hennuru,No Junction,MEDIUM,2400
723,13.01436451,77.55681033,15,WRONG PARKING,87.74666667,120.8,Malleshwaram,No Junction,CRITICAL,15000
724,12.97470452,77.65450891,11,PARKING IN A MAIN ROAD,62.58181818,55.18181818,Jeevanbheemanagar,No Junction,MEDIUM,2200
